zip,state,lat,lon
01001,MA,42.3244,-71.0306
01021,MA,42.0776,-71.7603
01041,MA,41.979,-72.6745
01061,MA,42.4784,-71.2823
01081,MA,42.4603,-71.4049
01101,MA,41.8588,-70.8022
01121,MA,41.694,-70.8533
01141,MA,42.2482,-70.966
01161,MA,42.3958,-70.8075
01181,MA,41.6104,-71.295
01202,MA,42.2295,-71.3154
01222,MA,42.3396,-71.2512
01242,MA,42.4686,-73.4494
01262,MA,41.819,-70.8106
01282,MA,41.6162,-70.3698
01302,MA,41.9176,-70.0573
01322,MA,42.3753,-70.8106
01342,MA,42.4244,-71.5617
01362,MA,41.8559,-72.5053
01382,MA,42.3464,-70.9075
01403,MA,42.6903,-71.2556
01423,MA,42.3128,-70.9271
01443,MA,41.5467,-70.7262
01463,MA,42.4754,-71.0594
01483,MA,42.4869,-71.0581
01503,MA,41.9072,-70.9939
01523,MA,42.3251,-70.9481
01543,MA,42.3098,-71.4373
01563,MA,42.6492,-73.3991
01583,MA,41.9653,-70.4432
01604,MA,41.534,-70.0721
01624,MA,42.0774,-70.4299
01644,MA,42.1428,-70.9737
01664,MA,42.3994,-71.6198
01684,MA,42.0636,-72.7878
01704,MA,42.3925,-71.0083
01724,MA,42.8715,-71.1786
01744,MA,42.1567,-70.7985
01764,MA,41.7596,-71.1073
01784,MA,42.2325,-71.0864
01805,MA,42.2606,-71.1724
01825,MA,41.8486,-71.126
01845,MA,42.4251,-71.2357
01865,MA,42.2163,-71.2652
01885,MA,42.5152,-73.2789
01905,MA,41.7168,-70.5807
01925,MA,41.7177,-70.2295
01945,MA,42.1176,-70.0556
01965,MA,42.4029,-70.9585
01985,MA,42.0489,-71.5883
02006,MA,41.9046,-72.4464
02026,MA,42.2743,-71.3164
02046,MA,42.766,-71.3474
02066,MA,42.031,-70.938
02086,MA,41.6232,-70.9175
02106,MA,42.0711,-71.0568
02126,MA,42.6155,-70.9266
02146,MA,41.9316,-71.333
02166,MA,42.4762,-70.8924
02186,MA,42.4845,-71.0945
02207,MA,42.3867,-73.0207
02227,MA,41.9852,-70.6398
02247,MA,41.5119,-70.5477
02267,MA,42.1067,-70.165
02287,MA,42.5836,-71.1566
02307,MA,42.3867,-71.6005
02327,MA,42.0234,-72.6335
02347,MA,42.4466,-71.1034
02367,MA,42.4639,-71.4558
02387,MA,42.2508,-71.1712
02408,MA,41.4769,-70.7844
02428,MA,42.429,-70.8266
02448,MA,42.683,-70.7023
02468,MA,41.6821,-71.1302
02488,MA,42.2829,-71.3158
02508,MA,42.1361,-71.0964
02528,MA,42.4437,-73.33
02548,MA,41.7725,-70.5896
02568,MA,41.5003,-70.2404
02588,MA,42.2585,-70.2747
02609,MA,42.3354,-71.0007
02629,MA,42.1654,-71.7602
02649,MA,42.1343,-72.6576
02669,MA,42.2818,-71.1455
02689,MA,42.3858,-71.4431
02709,MA,41.9442,-70.8985
02729,MA,41.6043,-70.7641
02749,MA,42.0701,-70.8858
02769,MA,42.6557,-70.9681
02801,RI,41.7819,-71.2783
02803,RI,41.5728,-71.2616
02806,RI,41.7005,-71.4348
02809,RI,41.6713,-71.4464
02812,RI,41.9411,-71.4398
02814,RI,42.0854,-71.6887
02817,RI,41.6169,-71.3519
02820,RI,41.8317,-71.2819
02823,RI,41.8474,-71.4379
02826,RI,41.357,-71.6511
02828,RI,41.8244,-71.3353
02831,RI,41.215,-71.6267
02834,RI,41.579,-71.2597
02837,RI,41.9219,-71.6238
02839,RI,41.6872,-71.1963
02842,RI,41.7109,-71.6019
02845,RI,41.9433,-71.29
02848,RI,42.0736,-71.3132
02851,RI,41.269,-71.247
02853,RI,42.0743,-71.3526
02856,RI,41.9006,-71.4947
02859,RI,41.3286,-71.7369
02862,RI,41.7039,-71.364
02864,RI,41.5714,-71.2449
02867,RI,41.578,-71.5229
02870,RI,41.714,-71.206
02873,RI,41.8799,-71.4642
02876,RI,41.7313,-71.3604
02878,RI,41.9579,-71.2941
02881,RI,42.1016,-71.3207
02884,RI,41.6309,-71.3605
02887,RI,41.8162,-71.532
02889,RI,41.6592,-71.4754
02892,RI,41.4901,-71.7073
02895,RI,41.4901,-71.0202
02898,RI,41.3421,-71.6531
02901,RI,41.8499,-71.4021
02903,RI,41.8286,-71.5862
02906,RI,41.5437,-71.289
02909,RI,41.925,-71.5119
02912,RI,41.9508,-71.2568
02914,RI,42.2464,-71.7093
02917,RI,41.2701,-71.3763
02920,RI,42.0311,-71.5056
02923,RI,41.6646,-71.3171
02926,RI,41.19,-71.9283
02928,RI,41.7955,-71.2896
02931,RI,41.6916,-71.2968
02934,RI,42.0685,-71.38
02937,RI,41.8973,-71.3523
03031,NH,43.3518,-71.6989
03048,NH,42.9733,-71.4153
03065,NH,42.9811,-71.671
03082,NH,43.0975,-70.9394
03100,NH,43.244,-71.1919
03117,NH,42.8974,-72.2527
03134,NH,42.9682,-70.9453
03152,NH,43.6252,-71.5832
03169,NH,43.6558,-72.2394
03186,NH,43.4749,-72.2908
03204,NH,44.2734,-71.0702
03221,NH,43.8215,-71.4445
03238,NH,43.694,-72.1953
03256,NH,44.2706,-70.8853
03273,NH,43.1017,-71.4832
03290,NH,42.9038,-71.4421
03308,NH,43.0129,-71.5407
03325,NH,43.0128,-70.8424
03342,NH,43.3144,-70.9098
03360,NH,42.93,-72.4379
03377,NH,43.1265,-70.6583
03394,NH,43.7675,-71.7196
03412,NH,43.4043,-72.189
03429,NH,43.186,-72.1728
03446,NH,44.6185,-70.9356
03464,NH,43.714,-71.7712
03481,NH,43.7324,-72.2208
03498,NH,43.8093,-71.2778
03515,NH,43.0989,-71.3925
03533,NH,42.8995,-71.4515
03550,NH,42.6774,-71.7145
03567,NH,43.2908,-70.953
03585,NH,43.4167,-70.9177
03602,NH,42.6983,-72.4401
03619,NH,42.9871,-70.8436
03637,NH,43.6141,-71.2623
03654,NH,43.7909,-72.1789
03671,NH,43.3677,-72.2832
03689,NH,44.6647,-71.1666
03706,NH,43.6746,-71.5461
03723,NH,43.6592,-72.1683
03741,NH,44.2213,-71.2287
03758,NH,43.3206,-71.6298
03775,NH,43.0135,-71.6007
03793,NH,42.8581,-71.3178
03810,NH,43.3919,-70.9469
03827,NH,43.5393,-71.0855
03845,NH,42.6993,-72.0361
03862,NH,43.1351,-70.5914
03879,NH,43.5634,-71.5256
03901,ME,44.3715,-69.5903
03921,ME,43.4556,-70.0993
03941,ME,43.9418,-70.2644
03961,ME,45.0328,-68.8853
03981,ME,43.5844,-70.0656
04002,ME,44.2478,-70.1568
04022,ME,43.6411,-70.6468
04042,ME,43.5374,-70.9949
04062,ME,44.1357,-70.1356
04082,ME,43.4589,-70.3974
04103,ME,43.7292,-70.2325
04123,ME,43.5176,-70.4313
04143,ME,44.3169,-68.4395
04163,ME,46.7734,-67.8466
04183,ME,44.5473,-69.9642
04204,ME,43.8693,-70.4503
04224,ME,44.056,-70.4418
04244,ME,44.6824,-68.8641
04264,ME,43.7438,-70.1519
04284,ME,44.2317,-70.1929
04305,ME,43.5251,-70.2144
04325,ME,43.5242,-70.855
04345,ME,43.9261,-69.865
04365,ME,43.2985,-70.3619
04385,ME,43.4524,-70.3988
04406,ME,43.7651,-70.4288
04426,ME,44.5571,-68.1747
04446,ME,46.9251,-68.2386
04466,ME,44.3823,-69.951
04486,ME,43.8335,-70.0809
04507,ME,44.2851,-70.4274
04527,ME,44.7974,-68.9008
04547,ME,43.8766,-70.4657
04567,ME,43.9593,-70.1595
04587,ME,43.4442,-70.5858
04608,ME,43.4188,-70.6236
04628,ME,43.8885,-69.787
04648,ME,43.4744,-70.6334
04668,ME,43.5768,-70.245
04688,ME,43.4783,-70.415
04709,ME,44.4162,-68.4538
04729,ME,46.4766,-67.9638
04749,ME,44.3701,-69.8772
04769,ME,43.6633,-70.4034
04789,ME,44.1861,-69.9896
04810,ME,44.7333,-68.9941
04830,ME,43.503,-70.2637
04850,ME,44.128,-70.1713
04870,ME,43.4792,-70.3747
04890,ME,43.5473,-70.9672
04911,ME,44.0442,-70.1044
04931,ME,43.4216,-70.2779
04951,ME,43.8103,-70.4257
04971,ME,43.688,-70.2702
05001,VT,44.2054,-72.6712
05019,VT,44.2521,-73.4598
05037,VT,44.6031,-73.0374
05055,VT,43.825,-73.0353
05073,VT,44.0663,-72.7063
05091,VT,42.839,-72.9522
05109,VT,42.7695,-72.7118
05127,VT,44.8955,-73.2228
05145,VT,45.1275,-72.0566
05164,VT,44.1805,-73.3334
05182,VT,44.2527,-72.0573
05200,VT,44.2692,-72.7738
05218,VT,43.1947,-73.2276
05236,VT,43.4779,-72.4978
05254,VT,44.4796,-72.765
05272,VT,44.3328,-73.2838
05290,VT,44.3037,-73.2199
05309,VT,43.5187,-73.028
05327,VT,44.1764,-72.719
05345,VT,43.0357,-73.1218
05363,VT,42.7854,-72.7742
05381,VT,44.6703,-73.1823
05399,VT,44.9858,-71.9635
05417,VT,43.8162,-73.1492
05435,VT,44.6645,-71.8399
05454,VT,44.3011,-72.4579
05472,VT,43.2136,-72.8317
05490,VT,43.7225,-72.4297
05508,VT,44.4963,-72.4785
05526,VT,44.3919,-73.1444
05544,VT,44.6589,-73.262
05562,VT,43.7864,-72.9815
05580,VT,44.1146,-72.4477
05598,VT,42.9207,-73.2556
05617,VT,42.9212,-72.6917
05635,VT,44.8547,-72.8389
05653,VT,44.8027,-72.1469
05671,VT,44.2137,-73.2629
05689,VT,44.5382,-71.8865
05707,VT,44.5253,-72.9074
05725,VT,43.101,-73.1741
05743,VT,43.4501,-72.6665
05762,VT,44.0291,-72.3637
05780,VT,44.5249,-72.9892
05798,VT,44.5865,-73.2567
05816,VT,43.4997,-72.9008
05834,VT,44.3272,-72.4916
05852,VT,43.117,-73.1228
05870,VT,42.7451,-72.7961
05888,VT,44.9845,-73.1675
06001,CT,41.9048,-72.6668
06019,CT,40.991,-73.1933
06038,CT,41.531,-73.1562
06056,CT,41.195,-73.3552
06075,CT,41.5689,-73.0725
06093,CT,41.3497,-73.6278
06112,CT,41.3843,-73.5032
06130,CT,41.7542,-72.7844
06149,CT,41.7431,-73.0103
06167,CT,41.4622,-72.8952
06186,CT,41.5448,-72.8545
06204,CT,41.0927,-73.604
06223,CT,41.1349,-72.8092
06242,CT,41.5777,-72.6737
06260,CT,41.8185,-72.8738
06279,CT,41.2874,-73.0188
06297,CT,41.3838,-72.7934
06316,CT,41.1638,-73.6812
06334,CT,41.534,-73.1873
06353,CT,41.0372,-73.4315
06371,CT,41.3528,-73.6565
06390,CT,41.6246,-72.6969
06408,CT,41.4754,-72.9707
06427,CT,41.8833,-73.1657
06445,CT,41.9279,-72.9454
06464,CT,40.8245,-73.5088
06483,CT,41.3782,-73.0283
06501,CT,41.6056,-72.6198
06520,CT,41.6806,-72.8623
06538,CT,41.1133,-73.1125
06557,CT,41.4334,-72.7439
06575,CT,41.1639,-73.3045
06594,CT,41.6084,-73.1257
06612,CT,41.1567,-73.5518
06631,CT,41.4732,-73.5919
06649,CT,41.4653,-72.6068
06668,CT,41.472,-72.6657
06686,CT,41.7089,-72.7957
06705,CT,41.9346,-72.5047
06724,CT,41.1854,-73.5714
06742,CT,41.2936,-73.2934
06761,CT,41.7769,-72.4859
06779,CT,41.6495,-72.8332
06798,CT,41.2878,-73.2907
06816,CT,41.2282,-73.1748
06835,CT,41.2383,-73.5055
06853,CT,41.5086,-73.2306
06872,CT,41.1843,-73.6429
06890,CT,41.5179,-73.5964
06909,CT,41.6211,-72.8591
07001,NJ,40.2647,-74.5606
07021,NJ,40.8615,-74.0698
07041,NJ,40.625,-74.2773
07061,NJ,40.8737,-74.1733
07081,NJ,40.5327,-74.2347
07101,NJ,40.7441,-74.554
07121,NJ,40.4588,-74.4785
07141,NJ,40.0962,-74.059
07161,NJ,40.1326,-75.1477
07181,NJ,39.1268,-74.4316
07201,NJ,40.4862,-74.6067
07221,NJ,40.5691,-74.551
07241,NJ,38.9469,-74.7682
07262,NJ,40.5656,-73.8465
07282,NJ,40.9579,-74.2625
07302,NJ,40.9743,-74.2271
07322,NJ,40.3294,-74.7632
07342,NJ,40.8425,-74.1612
07362,NJ,40.4699,-73.8269
07382,NJ,41.0103,-74.1247
07402,NJ,40.4574,-74.2273
07422,NJ,40.2918,-74.4018
07442,NJ,40.6371,-74.3784
07462,NJ,39.9925,-74.2918
07482,NJ,40.122,-75.2092
07503,NJ,39.2106,-74.5346
07523,NJ,40.3958,-74.4812
07543,NJ,40.1661,-74.8425
07563,NJ,38.8219,-75.1484
07583,NJ,40.8055,-74.0254
07603,NJ,40.6501,-74.5563
07623,NJ,40.7951,-74.2227
07643,NJ,40.3193,-74.8513
07663,NJ,40.6081,-74.3868
07683,NJ,40.7744,-74.1237
07703,NJ,40.8886,-74.3568
07723,NJ,40.6493,-74.123
07743,NJ,40.3217,-74.6352
07764,NJ,40.5208,-74.4451
07784,NJ,40.0018,-74.1515
07804,NJ,40.094,-75.0199
07824,NJ,39.4225,-74.5167
07844,NJ,40.6449,-74.3454
07864,NJ,40.4427,-74.6505
07884,NJ,39.1719,-74.7781
07904,NJ,40.7268,-74.2165
07924,NJ,40.9532,-74.2717
07944,NJ,40.87,-74.0657
07964,NJ,40.3093,-74.6378
07984,NJ,40.7184,-74.3066
08005,NJ,40.5797,-73.8626
08025,NJ,40.9753,-73.9654
08045,NJ,40.6099,-74.1109
08065,NJ,40.6013,-74.2677
08085,NJ,40.7488,-74.308
08105,NJ,39.7188,-74.2102
08125,NJ,39.8516,-75.139
08145,NJ,39.1997,-74.2889
08165,NJ,40.5384,-74.6381
08185,NJ,40.1588,-74.5084
08205,NJ,39.0835,-74.9931
08225,NJ,40.8187,-73.8862
08246,NJ,40.8132,-74.5311
08266,NJ,40.8426,-73.9831
08286,NJ,40.2411,-74.506
08306,NJ,40.6776,-74.252
08326,NJ,40.8748,-73.9976
08346,NJ,41.059,-74.2041
08366,NJ,40.8076,-74.1884
08386,NJ,40.3868,-74.3308
08406,NJ,40.3465,-74.0692
08426,NJ,39.9908,-74.2046
08446,NJ,39.972,-75.1381
08466,NJ,39.3918,-74.2619
08486,NJ,40.3243,-74.2239
08507,NJ,40.1421,-74.8628
08527,NJ,39.0921,-74.7703
08547,NJ,40.6835,-74.0353
08567,NJ,40.8769,-74.6862
08587,NJ,41.0444,-73.8499
08607,NJ,40.4187,-74.6748
08627,NJ,40.4858,-74.349
08647,NJ,40.5424,-74.0275
08667,NJ,40.8618,-74.1328
08687,NJ,40.5117,-74.1199
08707,NJ,40.427,-74.377
08727,NJ,40.7642,-74.3823
08748,NJ,40.1754,-74.2305
08768,NJ,40.1672,-75.1975
08788,NJ,39.1589,-74.6688
08808,NJ,40.7294,-74.4997
08828,NJ,40.1711,-74.7701
08848,NJ,38.8697,-74.8816
08868,NJ,40.5206,-73.9307
08888,NJ,40.9572,-74.5519
08908,NJ,41.0665,-73.8607
08928,NJ,40.0847,-74.6418
08948,NJ,40.6828,-74.2633
08968,NJ,40.6592,-74.1023
10001,NY,42.8616,-73.577
10033,NY,40.6303,-74.1225
10066,NY,42.6855,-78.8012
10099,NY,43.1022,-77.4722
10132,NY,43.1726,-76.0302
10165,NY,40.9756,-74.0512
10197,NY,43.0196,-75.1376
10230,NY,40.874,-73.7391
10263,NY,42.5304,-76.3361
10296,NY,41.8547,-76.1192
10329,NY,42.6162,-73.9666
10362,NY,41.7865,-74.1058
10394,NY,41.5469,-74.1591
10427,NY,44.4955,-73.2336
10460,NY,43.1614,-73.6169
10493,NY,44.2,-75.8417
10526,NY,42.7566,-73.9462
10559,NY,40.891,-74.191
10591,NY,42.9646,-78.6785
10624,NY,43.1896,-77.3752
10657,NY,43.2461,-76.0496
10690,NY,40.8079,-73.9152
10723,NY,43.319,-75.1633
10756,NY,41.2453,-73.8747
10788,NY,42.4075,-76.3002
10821,NY,42.2336,-76.0063
10854,NY,42.6452,-74.1526
10887,NY,42.0654,-74.056
10920,NY,41.6167,-74.141
10952,NY,44.9273,-73.5706
10985,NY,43.0534,-73.7887
11018,NY,44.1891,-75.8555
11051,NY,42.4918,-73.7602
11084,NY,40.5347,-73.8716
11117,NY,42.7456,-78.8067
11149,NY,43.3629,-77.5011
11182,NY,42.8497,-76.3609
11215,NY,40.9669,-74.0234
11248,NY,43.0738,-75.0344
11281,NY,40.8584,-73.6927
11314,NY,42.6604,-76.4196
11346,NY,41.9819,-75.818
11379,NY,43.0165,-73.9023
11412,NY,41.9345,-73.7774
11445,NY,41.6957,-73.953
11478,NY,44.8715,-73.3124
11511,NY,43.2258,-73.7645
11543,NY,43.7265,-75.6836
11576,NY,42.8116,-73.7652
11609,NY,40.7464,-73.7885
11642,NY,42.8159,-78.7875
11675,NY,43.1069,-77.5427
11707,NY,43.2775,-76.3521
11740,NY,40.9485,-73.6682
11773,NY,42.8911,-75.2529
11806,NY,41.1673,-73.689
11839,NY,42.2823,-76.7322
11872,NY,42.0408,-76.0725
11904,NY,42.9121,-73.7414
11937,NY,41.9921,-74.0678
11970,NY,41.4928,-73.8546
12003,NY,44.8172,-73.6329
12036,NY,42.9296,-73.6747
12069,NY,44.0213,-75.9161
12101,NY,42.4341,-73.7359
12134,NY,40.6167,-73.989
12167,NY,43.0535,-78.9037
12200,NY,43.4045,-77.8403
12233,NY,42.8261,-76.0035
12266,NY,40.7026,-74.0896
12298,NY,43.2545,-75.149
12331,NY,41.0132,-73.6739
12364,NY,42.6311,-76.6774
12397,NY,42.1384,-75.7056
12430,NY,42.5826,-74.1188
12463,NY,42.0037,-74.0118
12495,NY,41.9094,-74.1481
12528,NY,44.8001,-73.6376
12561,NY,42.9192,-74.0096
12594,NY,43.8785,-75.7639
12627,NY,42.6307,-73.9209
12659,NY,40.7583,-73.8471
12692,NY,42.6896,-78.8798
12725,NY,43.3062,-77.7485
12758,NY,43.2003,-76.1843
12791,NY,41.087,-73.6576
12824,NY,43.1901,-75.3206
12856,NY,41.2719,-73.7249
12889,NY,42.2627,-76.3337
12922,NY,42.2453,-75.7859
12955,NY,42.8607,-74.0218
12988,NY,41.7372,-74.1768
13021,NY,41.658,-73.8229
13053,NY,44.7262,-73.4836
13086,NY,43.2959,-74.0143
13119,NY,43.7748,-75.737
13152,NY,42.7088,-73.6174
13185,NY,40.4706,-74.0125
13218,NY,42.6396,-79.0387
13250,NY,42.9512,-77.5329
13283,NY,43.2416,-76.1893
13316,NY,41.0849,-73.7624
13349,NY,43.1971,-75.3796
13382,NY,41.1039,-73.7514
13414,NY,42.4,-76.2829
13447,NY,42.154,-76.1492
13480,NY,42.6542,-73.9397
13513,NY,42.1519,-73.9338
13546,NY,41.8417,-73.9971
13579,NY,44.4518,-73.5851
13611,NY,42.8919,-73.7695
13644,NY,43.7726,-75.9797
13677,NY,42.7832,-73.7363
13710,NY,40.5724,-73.8708
13743,NY,42.9661,-78.9902
13776,NY,43.0035,-77.4605
13808,NY,43.1407,-75.9131
13841,NY,40.9184,-74.0605
13874,NY,43.186,-75.4611
13907,NY,41.1064,-73.8704
13940,NY,42.4113,-76.5848
13973,NY,42.2513,-75.7888
14005,NY,42.5859,-73.8194
14038,NY,42.1392,-74.1595
14071,NY,41.8431,-73.9285
14104,NY,44.5075,-73.2554
14137,NY,43.1938,-73.7382
14169,NY,43.8878,-76.0613
14202,NY,42.741,-73.8434
14235,NY,40.8523,-74.0929
14268,NY,42.6854,-78.7595
14301,NY,43.3415,-77.671
14334,NY,42.9084,-76.1619
14366,NY,40.9234,-73.7035
14399,NY,42.9234,-75.0188
14432,NY,41.0115,-73.8192
14465,NY,42.2622,-76.392
14498,NY,42.1647,-75.6802
14531,NY,42.6653,-74.126
14563,NY,42.0229,-74.2176
14596,NY,41.5187,-73.7452
14629,NY,44.6788,-73.6173
14662,NY,43.0049,-73.5914
14695,NY,44.0266,-75.7659
14728,NY,42.7216,-73.7004
14760,NY,40.5478,-73.7709
14793,NY,43.0639,-79.0852
14826,NY,43.3351,-77.6142
14859,NY,43.2959,-76.1016
14892,NY,41.0997,-74.0091
15001,PA,40.1533,-76.7837
15031,PA,39.9208,-74.9176
15062,PA,40.6542,-80.2255
15093,PA,40.5367,-75.3857
15124,PA,42.1218,-80.0886
15155,PA,40.5086,-75.7435
15186,PA,41.2208,-75.8656
15217,PA,40.81,-75.5302
15248,PA,39.872,-76.3011
15279,PA,41.1323,-75.6859
15310,PA,40.0054,-76.6859
15341,PA,41.0292,-77.847
15372,PA,39.8663,-77.2729
15403,PA,41.0296,-76.867
15433,PA,40.4152,-78.7283
15464,PA,41.4044,-80.0607
15495,PA,40.3635,-76.9396
15526,PA,39.9978,-74.9396
15557,PA,40.6091,-80.169
15588,PA,40.3989,-75.3249
15619,PA,42.209,-80.1081
15650,PA,40.5633,-75.8798
15681,PA,41.1619,-75.4275
15712,PA,40.704,-75.1451
15743,PA,39.9504,-76.1897
15774,PA,41.3631,-75.6526
15805,PA,39.9972,-76.872
15836,PA,40.5677,-77.7882
15866,PA,39.7425,-77.4533
15897,PA,41.0266,-76.7751
15928,PA,40.2674,-78.9726
15959,PA,41.4804,-79.9189
15990,PA,40.456,-77.0921
16021,PA,40.1288,-75.3337
16052,PA,40.5803,-80.1034
16083,PA,40.7347,-75.4132
16114,PA,41.9395,-80.0897
16145,PA,40.3019,-75.7737
16176,PA,41.3141,-75.5699
16207,PA,40.4415,-75.2877
16238,PA,40.2039,-76.2992
16268,PA,41.2407,-75.6886
16299,PA,39.9508,-76.6962
16330,PA,40.7549,-77.7318
16361,PA,39.9864,-77.1742
16392,PA,41.2083,-77.0381
16423,PA,40.0969,-79.0011
16454,PA,41.6232,-80.2893
16485,PA,40.3663,-77.0592
16516,PA,39.9503,-75.1004
16547,PA,40.4529,-80.1005
16578,PA,40.5771,-75.2866
16609,PA,42.118,-80.2608
16640,PA,40.1496,-75.7254
16671,PA,41.5798,-75.6509
16701,PA,40.5236,-75.5966
16732,PA,39.8262,-76.533
16763,PA,41.0497,-75.9188
16794,PA,39.7598,-76.6473
16825,PA,40.8276,-77.9833
16856,PA,39.7083,-77.4402
16887,PA,41.2429,-77.1941
16918,PA,40.4075,-79.0822
16949,PA,41.4825,-80.2049
16980,PA,40.0648,-76.6983
17011,PA,39.8514,-75.1216
17042,PA,40.4181,-79.9108
17073,PA,40.6703,-75.6077
17104,PA,42.3626,-79.8994
17134,PA,40.1793,-76.0844
17165,PA,41.5325,-75.6104
17196,PA,40.8117,-75.5673
17227,PA,40.0551,-76.5526
17258,PA,41.0542,-76.0454
17289,PA,39.9512,-76.6318
17320,PA,40.9778,-77.6271
17351,PA,39.8818,-77.2377
17382,PA,41.3004,-76.7641
17413,PA,40.2571,-78.8351
17444,PA,41.7365,-80.2039
17475,PA,40.1745,-77.0742
17506,PA,39.7095,-75.3592
17536,PA,40.1985,-79.7606
17567,PA,40.7879,-75.6356
17598,PA,42.2035,-80.0102
17629,PA,40.3036,-75.8639
17660,PA,41.554,-75.8169
17691,PA,40.5264,-75.3888
17722,PA,40.0249,-76.5446
17753,PA,41.079,-76.0551
17784,PA,40.0639,-76.4958
17815,PA,40.7791,-77.6801
17846,PA,39.8735,-77.3804
17877,PA,41.2759,-76.8342
17908,PA,40.1022,-79.1681
17939,PA,41.7066,-80.0449
17969,PA,40.5129,-76.7124
18000,PA,40.0711,-75.1173
18031,PA,40.4678,-80.1005
18062,PA,40.6021,-75.4971
18093,PA,42.1747,-80.0294
18124,PA,40.425,-75.7686
18155,PA,41.403,-75.5553
18186,PA,40.6401,-75.4095
18217,PA,39.9458,-76.5237
18248,PA,41.4423,-75.9227
18279,PA,39.9493,-76.7303
18310,PA,41.0129,-77.9366
18341,PA,39.9297,-77.4707
18372,PA,41.1352,-77.155
18402,PA,40.2486,-79.0559
18433,PA,41.5013,-79.9469
18464,PA,40.1928,-76.8356
18495,PA,40.1238,-75.0867
18526,PA,40.2562,-80.0992
18557,PA,40.7141,-75.2603
18588,PA,42.2957,-79.9985
18619,PA,40.453,-75.7789
18650,PA,41.5589,-75.4901
18681,PA,40.6868,-75.4793
18712,PA,40.1625,-76.222
18743,PA,41.0604,-76.0316
18774,PA,40.0155,-76.9272
18804,PA,40.7514,-77.6131
18835,PA,39.7327,-77.3764
18866,PA,41.0147,-77.242
18897,PA,40.5172,-78.9935
18928,PA,41.4707,-79.9874
18959,PA,40.4704,-77.1207
18990,PA,39.7344,-75.1999
19021,PA,40.4994,-80.1856
19052,PA,40.4704,-75.6113
19083,PA,42.0494,-80.1575
19114,PA,40.109,-75.738
19145,PA,41.2927,-75.8368
19176,PA,40.721,-75.3628
19207,PA,40.1226,-76.2023
19237,PA,41.4592,-75.9124
19268,PA,39.9412,-76.5569
19299,PA,40.5989,-78.0571
19330,PA,39.8862,-77.09
19361,PA,41.4649,-76.8393
19392,PA,40.0977,-79.1193
19423,PA,41.7064,-79.966
19454,PA,40.4787,-77.0582
19485,PA,39.8487,-75.1944
19516,PA,40.4435,-79.8796
19547,PA,40.408,-75.4167
19578,PA,42.0465,-80.2662
19609,PA,40.51,-75.9573
19701,DE,39.0932,-75.4136
19706,DE,39.8775,-75.506
19712,DE,39.4762,-75.9734
19717,DE,39.2783,-75.6574
19723,DE,39.3868,-75.7183
19728,DE,38.9936,-75.4349
19734,DE,38.6123,-75.7244
19740,DE,38.8176,-75.5788
19745,DE,39.7043,-75.7061
19751,DE,38.8638,-75.1461
19756,DE,38.8046,-75.3033
19762,DE,39.6098,-75.5171
19767,DE,38.912,-75.6237
19773,DE,39.5947,-75.7212
19779,DE,39.5615,-75.8356
19784,DE,39.2035,-75.5928
19790,DE,39.1376,-75.6643
19795,DE,39.0144,-75.4276
19801,DE,38.808,-75.4579
19807,DE,38.4761,-75.2048
19812,DE,39.5105,-75.8383
19818,DE,38.9852,-74.9583
19823,DE,38.7589,-75.0393
19829,DE,39.7669,-75.608
19834,DE,38.9658,-75.764
19840,DE,39.6515,-75.3891
19846,DE,39.7428,-75.5837
19851,DE,39.6595,-75.9222
19857,DE,39.472,-75.7327
19862,DE,38.957,-75.4157
19868,DE,38.5892,-75.7059
19873,DE,38.6099,-75.4692
19879,DE,39.5734,-75.5925
19885,DE,38.5816,-75.1344
19890,DE,38.924,-75.1513
19896,DE,39.7759,-75.4073
19901,DE,39.3157,-75.6563
19907,DE,39.5623,-75.6912
19913,DE,39.7349,-75.6196
19918,DE,39.5274,-75.8777
19924,DE,39.4362,-75.6073
19929,DE,39.0398,-75.2978
19935,DE,38.6158,-75.3989
19940,DE,38.7223,-75.3181
19946,DE,39.8016,-75.4156
19952,DE,38.8382,-75.3139
19957,DE,38.5051,-75.1049
19963,DE,39.5636,-75.6795
19968,DE,38.9363,-75.5207
19974,DE,39.6443,-75.5638
20001,DC,38.6856,-76.8711
20012,DC,38.6956,-76.8548
20024,DC,39.0848,-76.9794
20036,DC,38.9107,-77.0555
20048,DC,38.9344,-76.891
20060,DC,39.1051,-77.062
20072,DC,39.0621,-76.961
20084,DC,38.818,-77.0491
20096,DC,38.7326,-77.256
20101,VA,37.4118,-77.4163
20108,DC,38.709,-76.8373
20120,DC,38.8289,-76.9297
20131,VA,37.0562,-75.8955
20132,DC,38.9095,-77.2006
20144,DC,38.7811,-77.068
20156,DC,38.8769,-77.0255
20161,VA,36.725,-76.1922
20168,DC,38.7366,-77.1005
20180,DC,38.7986,-77.0825
20192,DC,38.8264,-76.988
20192,VA,36.878,-76.2335
20204,DC,39.0518,-76.9632
20216,DC,38.6902,-77.2396
20222,VA,38.8223,-77.1802
20228,DC,38.9964,-77.1448
20240,DC,39.0191,-76.9586
20252,DC,39.1104,-76.8503
20252,VA,37.0583,-76.72
20264,DC,38.8239,-76.9955
20276,DC,38.7279,-77.112
20283,VA,38.9897,-77.2619
20288,DC,39.141,-76.9377
20300,DC,38.8532,-76.9894
20311,DC,39.1262,-77.1321
20313,VA,36.8761,-76.278
20323,DC,38.8455,-76.8911
20335,DC,39.0638,-76.9518
20344,VA,37.0918,-80.0893
20347,DC,39.0717,-76.9175
20359,DC,38.9999,-77.0237
20371,DC,38.9802,-77.0752
20374,VA,37.2097,-79.0959
20383,DC,38.8381,-77.1056
20395,DC,38.7473,-77.1798
20404,VA,38.1949,-78.2608
20407,DC,39.131,-77.0438
20419,DC,38.7705,-77.2181
20431,DC,38.6958,-76.8647
20435,VA,38.1714,-77.6714
20443,DC,38.7078,-76.9015
20455,DC,39.0748,-76.8451
20465,VA,38.5621,-78.9632
20467,DC,38.6761,-77.1185
20479,DC,39.0404,-77.2214
20491,DC,38.8456,-77.2058
20495,VA,39.2965,-78.2908
20503,DC,39.0729,-76.9014
20515,DC,39.0617,-77.2041
20526,VA,36.4242,-79.5205
20527,DC,38.876,-77.0815
20539,DC,38.9954,-77.1681
20551,DC,38.8793,-77.1444
20556,VA,37.1223,-80.4398
20563,DC,39.0315,-77.0624
20575,DC,38.9242,-77.1322
20587,DC,39.0615,-77.0524
20587,VA,37.6085,-77.5501
20601,MD,38.7513,-76.6601
20617,VA,36.9935,-76.188
20621,MD,39.1106,-76.5038
20641,MD,39.5251,-77.607
20647,VA,37.0871,-76.3368
20661,MD,39.1394,-77.309
20678,VA,36.6021,-76.3168
20681,MD,39.3585,-77.255
20701,MD,38.9853,-76.6384
20708,VA,38.8842,-76.9735
20721,MD,39.7502,-77.9161
20738,VA,37.2173,-76.3132
20741,MD,38.9379,-76.7237
20762,MD,38.5294,-75.555
20769,VA,38.9516,-77.287
20782,MD,39.7889,-78.7872
20799,VA,36.9706,-76.1682
20802,MD,39.1785,-76.6202
20822,MD,38.5916,-76.0769
20830,VA,37.4004,-79.7306
20842,MD,38.3517,-75.3106
20860,VA,37.4614,-79.3158
20862,MD,38.7809,-75.9094
20882,MD,38.9699,-76.488
20890,VA,38.1426,-78.5981
20903,MD,39.501,-76.7736
20921,VA,38.285,-77.4837
20923,MD,39.4536,-77.2953
20943,MD,38.8982,-77.2091
20951,VA,38.3872,-78.8159
20963,MD,39.1937,-77.0101
20982,VA,38.9717,-78.345
20983,MD,39.0089,-76.8368
21003,MD,39.8816,-77.512
21012,VA,36.5706,-79.5676
21023,MD,39.1119,-77.0502
21042,VA,37.0744,-80.6575
21044,MD,38.5925,-75.3642
21064,MD,39.6292,-78.9458
21073,VA,37.541,-77.3233
21084,MD,39.0557,-76.7483
21103,VA,36.8486,-75.7652
21104,MD,38.8985,-76.1768
21124,MD,38.4372,-74.9045
21133,VA,37.0709,-76.0507
21144,MD,38.6691,-75.861
21164,MD,39.0447,-76.6418
21164,VA,36.7048,-76.2927
21184,MD,39.3525,-76.7169
21194,VA,38.9521,-77.0468
21205,MD,39.3369,-77.3243
21225,MD,39.3247,-77.0778
21225,VA,37.0415,-76.7036
21245,MD,39.3726,-77.1995
21255,VA,39.0156,-77.1045
21265,MD,39.104,-76.8679
21285,MD,39.4495,-77.7939
21285,VA,37.0627,-76.4981
21305,MD,38.9709,-76.9017
21316,VA,37.2391,-80.0638
21325,MD,38.4443,-75.6407
21346,MD,39.7767,-78.5918
21346,VA,37.6203,-79.0311
21366,MD,38.9923,-76.6746
21376,VA,38.0341,-78.4824
21386,MD,38.9285,-76.0649
21406,MD,38.0991,-75.2622
21407,VA,38.3974,-77.3623
21426,MD,38.6483,-76.2288
21437,VA,38.5251,-78.6556
21446,MD,39.1035,-76.6617
21466,MD,39.1837,-76.7369
21468,VA,39.3035,-78.2921
21487,MD,39.584,-77.3152
21498,VA,36.3533,-79.2384
21507,MD,38.9816,-77.026
21527,MD,38.9096,-77.0444
21528,VA,37.2951,-80.3257
21547,MD,38.808,-76.5951
21559,VA,37.6394,-77.3633
21567,MD,39.7615,-77.5376
21587,MD,39.1019,-76.9064
21589,VA,36.7336,-76.0003
21607,MD,38.2295,-75.4572
21620,VA,36.9413,-76.4088
21627,MD,39.8022,-78.8687
21648,MD,39.1815,-76.6351
21650,VA,36.8193,-76.0616
21668,MD,38.7181,-75.8479
21680,VA,39.0524,-77.3348
21688,MD,38.5744,-75.1786
21708,MD,38.5893,-76.3223
21711,VA,37.2226,-76.4008
21728,MD,38.8541,-76.4319
21741,VA,39.0132,-77.0981
21748,MD,39.4309,-76.4271
21768,MD,39.5793,-77.2048
21771,VA,37.073,-76.1447
21789,MD,39.1863,-77.079
21802,VA,37.2803,-80.097
21809,MD,39.271,-77.1781
21829,MD,39.0585,-76.641
21832,VA,37.3753,-78.9773
21849,MD,39.8739,-77.8229
21863,VA,37.9057,-78.5756
21869,MD,38.8194,-76.8457
21889,MD,38.2042,-75.7625
21893,VA,38.537,-77.3813
21909,MD,39.6597,-78.8239
21923,VA,38.391,-78.9649
21954,VA,39.1415,-77.9751
21984,VA,36.6998,-79.6006
22014,VA,37.2977,-80.2756
22045,VA,37.4629,-77.6146
22075,VA,36.9773,-75.763
22106,VA,36.7998,-76.3818
22136,VA,37.0117,-76.1293
22166,VA,38.6324,-77.3061
22197,VA,37.1853,-76.4605
22227,VA,38.8821,-76.9304
22257,VA,36.8652,-76.4079
22288,VA,37.373,-80.0924
22318,VA,37.2548,-78.918
22349,VA,38.0046,-78.3195
22379,VA,38.146,-77.681
22409,VA,38.291,-78.7393
22440,VA,39.0654,-77.9622
22470,VA,36.5404,-79.3316
22501,VA,37.2918,-80.2297
22531,VA,37.3738,-77.5394
22561,VA,36.7918,-76.0896
22592,VA,36.7719,-76.2431
22622,VA,36.7571,-76.2011
22652,VA,38.682,-77.3105
22683,VA,37.213,-76.7194
22713,VA,38.846,-76.8031
22744,VA,36.8283,-76.334
22774,VA,37.0246,-79.8899
22804,VA,37.6572,-79.0115
22835,VA,38.2454,-78.4901
22865,VA,38.2217,-77.4958
22895,VA,38.385,-78.6738
22926,VA,39.4354,-78.0049
22956,VA,36.8065,-79.3125
22987,VA,37.1688,-80.6353
23017,VA,37.4687,-77.5209
23047,VA,36.653,-75.9995
23078,VA,36.95,-76.1733
23108,VA,36.9622,-76.4681
23139,VA,38.9326,-76.9065
23169,VA,36.9768,-76.3734
23199,VA,38.9623,-77.1127
23230,VA,37.0891,-76.2658
23260,VA,37.2586,-79.9848
23290,VA,37.2578,-78.8991
23321,VA,38.2581,-78.3204
23351,VA,38.0615,-77.5304
23382,VA,38.2225,-78.7151
23412,VA,39.0985,-78.1911
23442,VA,36.6394,-79.4449
23473,VA,37.2859,-80.6232
23503,VA,37.5047,-77.2203
23533,VA,37.0683,-75.7346
23564,VA,37.0294,-76.0833
23594,VA,36.8853,-76.3906
23625,VA,38.7291,-77.2694
23655,VA,37.0971,-76.4371
23685,VA,38.9832,-77.0446
23716,VA,36.8438,-76.1968
23746,VA,37.1717,-79.8549
23776,VA,37.4382,-78.9548
23807,VA,37.8633,-78.5036
23837,VA,38.111,-77.3792
23868,VA,38.3201,-79.0131
23898,VA,39.3123,-78.0834
23928,VA,36.3807,-79.4276
23959,VA,37.3375,-80.5838
23989,VA,37.7552,-77.2347
24020,VA,36.9861,-76.1178
24050,VA,36.7296,-76.2977
24080,VA,36.967,-76.476
24111,VA,38.6995,-77.0737
24141,VA,37.1998,-76.6778
24171,VA,38.9007,-76.8609
24202,VA,37.2458,-76.212
24232,VA,37.3213,-79.8694
24263,VA,37.3523,-79.0335
24293,VA,38.1473,-78.5359
24323,VA,38.3743,-77.4296
24354,VA,38.6277,-78.7147
24384,VA,39.0475,-78.3555
24414,VA,36.3798,-79.6004
24445,VA,37.3499,-80.1953
24475,VA,37.663,-77.6279
24506,VA,36.7868,-75.8013
24536,VA,37.0778,-76.2474
24566,VA,36.519,-76.5066
24597,VA,38.8994,-76.9174
24627,VA,37.327,-76.5632
24701,WV,38.1618,-81.5061
24721,WV,38.652,-82.2464
24741,WV,39.4698,-79.9063
24761,WV,39.1067,-81.5341
24781,WV,40.2143,-80.9094
24801,WV,40.2334,-80.7364
24821,WV,39.2869,-77.9327
24841,WV,37.9539,-81.4207
24861,WV,39.5206,-80.3414
24881,WV,39.4169,-80.1204
24901,WV,37.2313,-80.9997
24921,WV,37.5518,-80.5453
24941,WV,39.149,-79.8371
24961,WV,37.5076,-81.0228
24981,WV,38.3223,-81.5941
25001,WV,38.5168,-82.4339
25021,WV,39.8725,-80.0298
25041,WV,39.2858,-81.7066
25061,WV,39.8635,-80.561
25081,WV,40.2876,-80.7455
25101,WV,39.3562,-77.7976
25121,WV,38.0069,-81.1371
25142,WV,39.1386,-80.415
25162,WV,39.2993,-80.0814
25182,WV,37.057,-81.3448
25202,WV,37.7427,-80.2438
25222,WV,38.8759,-80.0552
25242,WV,37.2433,-81.1397
25262,WV,38.4471,-81.6146
25282,WV,38.2045,-82.3289
25302,WV,39.8772,-79.8575
25322,WV,39.113,-81.6254
25342,WV,40.1427,-80.5606
25362,WV,40.4715,-80.6297
25382,WV,39.283,-77.7177
25402,WV,37.745,-81.4252
25422,WV,39.3324,-80.5557
25442,WV,39.2974,-80.3376
25462,WV,37.294,-81.4393
25482,WV,37.8719,-80.5142
25502,WV,38.8427,-79.9602
25522,WV,37.5506,-81.2395
25542,WV,38.1047,-81.694
25562,WV,38.6536,-82.5059
25583,WV,39.432,-79.7431
25603,WV,39.1046,-81.4473
25623,WV,39.9673,-80.5602
25643,WV,40.4138,-80.575
25663,WV,39.5565,-77.7812
25683,WV,37.804,-81.1345
25703,WV,39.4789,-80.5091
25723,WV,39.7084,-80.1978
25743,WV,37.1924,-81.1017
25763,WV,38.0358,-80.4298
25783,WV,38.9732,-79.672
25803,WV,37.3546,-81.2886
25823,WV,38.1045,-81.6258
25843,WV,38.2469,-82.632
25863,WV,39.5689,-79.8382
25883,WV,39.0431,-81.4488
25903,WV,40.3012,-80.6171
25923,WV,40.2936,-80.5351
25943,WV,39.5597,-78.1223
25963,WV,38.0213,-81.039
25983,WV,39.2817,-80.4566
26003,WV,39.449,-79.9218
26024,WV,37.4605,-81.0653
26044,WV,37.7044,-80.2666
26064,WV,39.1496,-79.8935
26084,WV,37.2726,-81.3073
26104,WV,38.1395,-81.5176
26124,WV,38.6416,-82.6126
26144,WV,39.4082,-79.8342
26164,WV,39.2938,-81.5651
26184,WV,40.2512,-80.4898
26204,WV,40.381,-80.5852
26224,WV,39.5717,-77.9741
26244,WV,37.7857,-80.9392
26264,WV,39.4746,-80.2456
26284,WV,39.4378,-80.0845
26304,WV,37.4752,-81.0993
26324,WV,37.9089,-80.3443
26344,WV,39.0507,-79.9747
26364,WV,37.4857,-80.877
26384,WV,38.5115,-81.4424
26404,WV,38.4333,-82.3906
26424,WV,39.6832,-79.7236
26444,WV,39.354,-81.3705
26465,WV,40.0758,-80.8584
26485,WV,40.2066,-80.4198
26505,WV,39.4631,-77.7377
26525,WV,37.7396,-81.2487
26545,WV,39.2172,-80.5379
26565,WV,39.6921,-80.2677
26585,WV,37.2894,-81.0891
26605,WV,37.6107,-80.546
26625,WV,38.8227,-79.9903
26645,WV,37.4852,-81.068
26665,WV,38.2085,-81.7302
26685,WV,38.6358,-82.3737
26705,WV,39.7924,-80.1882
26725,WV,39.2482,-81.5026
26745,WV,40.0581,-80.793
26765,WV,40.4768,-80.6752
26785,WV,39.3832,-78.2113
26805,WV,37.9733,-81.3451
26825,WV,39.2079,-80.5438
26845,WV,39.4811,-80.3502
26865,WV,37.277,-81.3954
27006,NC,35.8946,-78.5201
27026,NC,35.1004,-80.9295
27046,NC,36.1123,-79.5961
27066,NC,36.0399,-79.0741
27086,NC,36.1368,-80.4917
27106,NC,35.2928,-79.1084
27126,NC,35.7768,-78.6468
27146,NC,33.9925,-77.9291
27166,NC,35.9453,-79.8563
27186,NC,35.7557,-82.5753
27206,NC,35.483,-77.3372
27226,NC,34.5103,-77.3144
27246,NC,35.6338,-80.7631
27266,NC,35.16,-81.1135
27286,NC,35.5285,-81.3513
27306,NC,35.8606,-75.5232
27326,NC,35.9586,-78.5146
27346,NC,34.9893,-80.8657
27366,NC,36.2085,-79.6049
27386,NC,35.9467,-78.7537
27406,NC,36.0351,-80.2621
27426,NC,35.1194,-78.6982
27446,NC,35.5768,-78.5844
27466,NC,34.1422,-78.1783
27486,NC,35.9187,-80.1204
27506,NC,35.8181,-82.5303
27526,NC,35.7599,-77.2226
27546,NC,34.5446,-77.2399
27566,NC,35.5267,-80.8021
27586,NC,35.4848,-81.1
27606,NC,35.9271,-81.5357
27626,NC,35.891,-75.5653
27647,NC,35.7124,-78.8006
27667,NC,35.2565,-81.0596
27687,NC,36.1773,-79.9396
27707,NC,36.2346,-79.0293
27727,NC,35.9067,-80.255
27747,NC,35.2723,-78.8383
27767,NC,36.0211,-78.9262
27787,NC,34.3482,-78.082
27807,NC,35.8821,-80.1216
27827,NC,35.6852,-82.6629
27847,NC,35.3944,-77.4438
27867,NC,34.7472,-77.417
27887,NC,35.2202,-80.4746
27907,NC,35.3513,-81.1709
27927,NC,35.6292,-81.2807
27947,NC,36.1082,-75.4022
27967,NC,35.934,-78.4178
27987,NC,35.0099,-80.6471
28007,NC,36.0515,-80.0019
28027,NC,36.193,-79.0044
28047,NC,36.3282,-80.4395
28067,NC,34.9407,-78.7799
28087,NC,35.7897,-78.5936
28107,NC,34.236,-77.8811
28127,NC,35.8523,-79.7705
28147,NC,35.6158,-82.7355
28167,NC,35.5361,-77.3945
28187,NC,34.8264,-77.5345
28207,NC,35.1903,-80.3936
28227,NC,35.1283,-80.9636
28247,NC,35.8054,-81.3854
28267,NC,35.8796,-75.5519
28288,NC,35.6928,-78.5915
28308,NC,35.3255,-80.6721
28328,NC,36.0452,-79.89
28348,NC,35.81,-78.7539
28368,NC,35.9358,-80.3642
28388,NC,35.0448,-78.643
28408,NC,35.9264,-79.0074
28428,NC,34.1523,-77.9667
28448,NC,35.7889,-79.7932
28468,NC,35.701,-82.6589
28488,NC,35.8493,-77.1967
28508,NC,34.8505,-77.3471
28528,NC,35.2355,-80.7105
28548,NC,35.0327,-81.279
28568,NC,35.5463,-81.461
28588,NC,35.8004,-75.5937
28608,NC,35.5469,-78.7297
28628,NC,35.149,-80.9066
28648,NC,36.0925,-79.9607
28668,NC,35.8948,-78.6884
28688,NC,36.0522,-80.2445
28708,NC,34.8754,-78.8994
28728,NC,35.7016,-79.029
28748,NC,34.3449,-77.7069
28768,NC,35.8713,-79.9026
28788,NC,35.5821,-82.6566
28808,NC,35.8347,-77.1261
28828,NC,34.791,-77.6068
28848,NC,35.4414,-80.3761
28868,NC,35.2332,-81.0927
28888,NC,35.8489,-81.1411
29001,SC,34.0173,-80.987
29019,SC,32.7017,-80.0388
29038,SC,32.997,-79.8674
29057,SC,32.8803,-79.7554
29076,SC,34.9347,-81.1513
29095,SC,34.7665,-82.3528
29114,SC,33.1799,-80.245
29133,SC,34.7486,-81.8262
29152,SC,32.3805,-80.9616
29170,SC,33.9765,-79.5683
29189,SC,33.6772,-78.9136
29208,SC,34.438,-82.637
29227,SC,33.6045,-81.7101
29246,SC,32.379,-80.788
29265,SC,34.0001,-81.0731
29284,SC,32.7465,-79.7156
29303,SC,32.8494,-79.7382
29321,SC,32.956,-80.0404
29340,SC,34.7385,-80.9195
29359,SC,34.6673,-82.2917
29378,SC,33.2001,-80.3666
29397,SC,34.8059,-81.9453
29416,SC,32.3395,-80.5306
29435,SC,34.1301,-79.5367
29454,SC,33.7399,-78.9324
29473,SC,34.3138,-82.6142
29491,SC,33.3305,-81.8929
29510,SC,32.3673,-80.4243
29529,SC,33.9023,-81.0418
29548,SC,32.9221,-80.11
29567,SC,32.8994,-80.2005
29586,SC,32.9912,-79.6681
29605,SC,34.7827,-80.8655
29624,SC,34.847,-82.5828
29642,SC,32.9428,-79.9904
29661,SC,34.9084,-81.8955
29680,SC,32.2492,-80.5525
29699,SC,34.3361,-79.775
29718,SC,33.7991,-78.8338
29737,SC,34.6344,-82.6477
29756,SC,33.5409,-81.7446
29775,SC,32.4061,-80.4866
29793,SC,33.9133,-80.8849
29812,SC,32.8588,-79.9763
29831,SC,32.721,-80.0271
29850,SC,32.8146,-79.6336
29869,SC,35.1199,-80.9071
29888,SC,34.9256,-82.211
29907,SC,33.1221,-80.1396
29926,SC,35.0977,-81.8283
30002,GA,33.5474,-84.4929
30022,GA,33.4156,-81.9171
30042,GA,32.3351,-84.805
30062,GA,31.9107,-81.1775
30082,GA,33.9907,-83.4512
30102,GA,32.9723,-83.6333
30123,GA,34.0308,-84.3622
30143,GA,31.4828,-84.3941
30163,GA,34.2515,-84.1959
30183,GA,32.8463,-83.7668
30203,GA,34.0018,-84.5188
30223,GA,33.95,-84.3588
30244,GA,30.9098,-83.2932
30264,GA,33.9023,-84.3408
30284,GA,34.7353,-84.779
30304,GA,34.3708,-85.0328
30324,GA,33.682,-84.4377
30344,GA,33.5086,-82.1275
30365,GA,32.4876,-85.2009
30385,GA,32.083,-80.959
30405,GA,33.8418,-83.1131
30425,GA,32.9309,-83.823
30445,GA,34.2609,-84.4146
30465,GA,31.7259,-84.2362
30486,GA,34.2484,-84.0711
30506,GA,32.4625,-83.6198
30526,GA,34.0754,-84.5214
30546,GA,33.7711,-84.6335
30566,GA,30.8196,-83.3
30586,GA,33.9371,-84.5066
30607,GA,34.6838,-84.9137
30627,GA,34.0883,-84.9194
30647,GA,33.8687,-84.4884
30667,GA,33.3917,-81.8107
30687,GA,32.4772,-84.8833
30708,GA,31.9808,-80.9333
30728,GA,33.8861,-83.2707
30748,GA,33.0806,-83.5905
30768,GA,34.1718,-84.2489
30788,GA,31.6725,-84.3924
30808,GA,34.0162,-83.9651
30829,GA,32.7545,-83.4863
30849,GA,34.1142,-84.1834
30869,GA,33.9944,-84.7147
30889,GA,30.8972,-83.2186
30909,GA,34.0546,-84.6905
30929,GA,34.8602,-85.2044
30950,GA,34.4811,-85.3598
30970,GA,33.5085,-84.4812
30990,GA,33.2992,-81.8795
31010,GA,32.4162,-84.8502
31030,GA,32.2912,-80.9048
31050,GA,34.0698,-83.5765
31071,GA,32.6597,-83.7787
31091,GA,33.9359,-84.2805
31111,GA,31.5912,-84.2488
31131,GA,33.8655,-83.9925
31151,GA,32.5342,-83.6973
31171,GA,34.2114,-84.1836
31192,GA,34.0243,-84.4533
31212,GA,30.8877,-83.4324
31232,GA,33.7573,-84.4854
31252,GA,34.6322,-84.7337
31272,GA,34.1558,-85.2702
31292,GA,33.6026,-84.2855
31313,GA,33.382,-82.0504
31333,GA,32.6779,-84.84
31353,GA,31.9676,-81.2803
31373,GA,34.0402,-83.4178
31393,GA,33.0808,-83.4732
31414,GA,34.2507,-84.2093
31434,GA,31.4737,-84.2619
31454,GA,34.136,-84.2754
31474,GA,32.5842,-83.7462
31494,GA,34.0649,-84.4431
31514,GA,33.9719,-84.3335
31535,GA,30.9308,-83.4599
31555,GA,33.9418,-84.471
31575,GA,34.641,-84.8853
31595,GA,34.2725,-85.0957
31615,GA,33.5252,-84.4313
31635,GA,33.5822,-82.1745
31656,GA,32.5964,-85.2351
31676,GA,32.1061,-80.8767
31696,GA,33.9054,-83.1401
31716,GA,33.0299,-83.6437
31736,GA,33.8731,-84.1296
31756,GA,31.4891,-84.0828
31777,GA,34.2329,-84.4039
31797,GA,32.6501,-83.6068
31817,GA,34.187,-84.0758
31837,GA,34.1592,-84.7125
31857,GA,31.0238,-83.4406
31877,GA,34.0938,-84.2658
31898,GA,34.7183,-84.9725
31918,GA,34.4753,-84.9336
31938,GA,33.962,-84.1996
31958,GA,33.2281,-81.9408
31978,GA,32.2647,-84.7462
32003,FL,30.6059,-84.3468
32023,FL,30.5558,-81.4135
32043,FL,25.7425,-80.3009
32063,FL,27.8915,-82.4435
32083,FL,28.7714,-81.2208
32103,FL,27.9182,-82.8211
32123,FL,25.7326,-80.2075
32143,FL,26.3095,-80.11
32163,FL,26.3642,-81.7766
32183,FL,27.4486,-80.4657
32203,FL,26.1444,-80.3377
32224,FL,29.8543,-82.5011
32244,FL,27.9346,-82.5769
32264,FL,30.2823,-87.2413
32284,FL,27.2612,-82.7674
32304,FL,25.9186,-81.7938
32324,FL,29.0787,-80.7755
32344,FL,27.972,-80.8246
32364,FL,29.4026,-81.9705
32384,FL,24.6301,-81.6343
32404,FL,30.2571,-84.3873
32424,FL,30.4971,-81.5577
32445,FL,25.5811,-80.089
32465,FL,27.9249,-82.7046
32485,FL,28.3279,-81.5012
32505,FL,27.9351,-82.6159
32525,FL,25.9712,-80.2642
32545,FL,25.928,-80.2432
32565,FL,26.4635,-82.1756
32585,FL,27.2329,-80.2113
32605,FL,25.9914,-80.4187
32625,FL,29.8542,-82.2764
32646,FL,27.7241,-82.7924
32666,FL,30.2923,-87.3951
32686,FL,27.301,-82.4733
32706,FL,26.0123,-81.8365
32726,FL,29.293,-81.23
32746,FL,28.2718,-80.8049
32766,FL,29.2002,-82.1364
32786,FL,24.7993,-81.7529
32806,FL,30.3835,-84.2956
32826,FL,30.4,-81.4152
32846,FL,25.6385,-80.4337
32867,FL,28.0949,-82.5348
32887,FL,28.6548,-81.3151
32907,FL,27.9034,-82.5227
32927,FL,25.7739,-80.5059
32947,FL,26.1454,-79.9805
32967,FL,26.4004,-81.8099
32987,FL,27.2553,-80.2605
33007,FL,26.0787,-80.0684
33027,FL,29.4332,-82.1867
33047,FL,27.9447,-82.9034
33067,FL,30.1932,-87.3672
33088,FL,27.1074,-82.314
33108,FL,26.1497,-81.5502
33128,FL,29.2323,-81.1461
33148,FL,28.1611,-80.7431
33168,FL,29.1157,-81.9997
33188,FL,24.738,-81.864
33208,FL,30.2505,-84.3467
33228,FL,30.5269,-81.534
33248,FL,25.959,-80.2485
33268,FL,28.1875,-82.4591
33289,FL,28.5371,-81.167
33309,FL,27.7772,-82.4897
33329,FL,25.9711,-80.4886
33349,FL,26.1736,-79.9761
33369,FL,26.5856,-82.0389
33389,FL,27.063,-80.2777
33409,FL,25.916,-80.1728
33429,FL,29.6147,-82.2299
33449,FL,27.8917,-83.0289
33469,FL,30.6063,-87.2906
33489,FL,27.5855,-82.6434
33510,FL,26.382,-81.5708
33530,FL,28.9983,-80.954
33550,FL,27.9662,-80.4382
33570,FL,29.2769,-81.9137
33590,FL,24.3765,-81.7262
33610,FL,30.579,-84.5133
33630,FL,30.1158,-81.5164
33650,FL,25.6949,-80.2504
33670,FL,27.9842,-82.4047
33690,FL,28.6278,-81.1548
33710,FL,27.7036,-82.5088
33731,FL,25.8946,-80.2634
33751,FL,26.0714,-80.0625
33771,FL,26.4377,-82.1428
33791,FL,27.3908,-80.3587
33811,FL,25.9563,-80.1933
33831,FL,29.5325,-82.4447
33851,FL,27.939,-82.5519
33871,FL,30.3141,-87.0087
33891,FL,27.332,-82.7194
33911,FL,26.3184,-81.8188
33932,FL,29.4101,-81.0502
33952,FL,27.8284,-80.4977
33972,FL,29.36,-82.2303
33992,FL,24.4788,-81.9975
34012,FL,30.4594,-84.085
34032,FL,30.5079,-81.5498
34052,FL,25.9754,-80.1229
34072,FL,28.0974,-82.4528
34092,FL,28.349,-81.5287
34112,FL,27.587,-82.4951
34132,FL,25.6207,-80.2511
34153,FL,26.0569,-79.9855
34173,FL,26.5887,-81.8935
34193,FL,27.0661,-80.4536
34213,FL,26.2626,-80.1147
34233,FL,29.6644,-82.1902
34253,FL,28.1276,-83.0132
34273,FL,30.6575,-87.1457
34293,FL,27.3114,-82.4406
34313,FL,26.0643,-81.6058
34333,FL,29.3509,-80.9529
34353,FL,27.8755,-80.3556
34374,FL,29.1535,-81.9347
34394,FL,24.3328,-81.9679
34414,FL,30.2648,-84.4484
34434,FL,30.2435,-81.551
34454,FL,25.6847,-79.9713
34474,FL,28.1481,-82.2842
34494,FL,28.4136,-81.3117
34514,FL,27.793,-82.8277
34534,FL,25.759,-80.2614
34554,FL,26.1237,-80.303
34575,FL,26.7837,-82.1224
34595,FL,27.3524,-80.2479
34615,FL,26.0654,-80.0528
34635,FL,29.6834,-82.1622
34655,FL,27.7301,-83.0274
34675,FL,30.492,-87.1785
34695,FL,27.412,-82.3972
34715,FL,26.1003,-81.7253
34735,FL,29.2098,-80.9592
34755,FL,27.9293,-80.3604
34775,FL,29.1787,-81.9878
34796,FL,24.6476,-81.8813
34816,FL,30.2248,-84.5007
34836,FL,30.302,-81.6636
34856,FL,25.6137,-80.1385
34876,FL,27.8569,-82.348
34896,FL,28.6554,-81.1988
34916,FL,28.0053,-82.8249
34936,FL,25.7929,-80.2473
34956,FL,26.032,-80.1541
34976,FL,26.4466,-82.0755
35004,AL,32.4489,-86.5452
35024,AL,33.4082,-86.9409
35044,AL,34.8486,-86.4978
35064,AL,30.8915,-88.2464
35084,AL,33.1708,-87.8043
35104,AL,33.2647,-86.8087
35124,AL,30.9865,-85.5411
35144,AL,32.6848,-85.4583
35164,AL,34.4661,-86.9387
35184,AL,34.854,-86.9951
35204,AL,34.9527,-87.5782
35224,AL,33.9344,-86.1789
35244,AL,33.6773,-86.8695
35264,AL,32.2604,-86.6613
35284,AL,32.6447,-84.9488
35304,AL,32.799,-85.2634
35324,AL,32.3973,-86.0711
35344,AL,33.46,-86.7765
35364,AL,34.8951,-86.5268
35384,AL,30.8763,-88.0012
35404,AL,33.3121,-87.7963
35424,AL,33.2693,-86.9167
35444,AL,31.0131,-85.5241
35464,AL,32.4104,-85.5918
35484,AL,34.6737,-87.0509
35504,AL,34.6344,-86.8935
35524,AL,34.6833,-87.459
35544,AL,34.0883,-85.952
35564,AL,33.2843,-86.6732
35584,AL,32.2957,-86.52
35604,AL,32.7158,-84.9307
35624,AL,32.6739,-85.286
35644,AL,32.5506,-86.1697
35664,AL,33.3852,-87.0364
35684,AL,34.6381,-86.7022
35704,AL,30.5509,-87.8184
35724,AL,33.398,-87.6619
35744,AL,33.4831,-86.8636
35764,AL,31.4305,-85.4111
35784,AL,32.4923,-85.6075
35804,AL,34.6366,-87.1019
35824,AL,34.7416,-86.5494
35844,AL,34.7495,-87.8176
35864,AL,34.2631,-86.0018
35884,AL,33.2442,-87.0142
35904,AL,32.2688,-86.396
35924,AL,32.617,-85.0396
35944,AL,32.4272,-85.4375
35964,AL,32.6273,-86.2931
35984,AL,33.7562,-86.6221
36004,AL,34.4861,-86.4757
36024,AL,30.7863,-88.0214
36044,AL,33.0932,-87.4987
36064,AL,33.2112,-86.844
36084,AL,31.2001,-85.1636
36104,AL,32.7978,-85.5991
36124,AL,34.6062,-87.144
36144,AL,34.9056,-86.563
36164,AL,34.699,-87.6078
36184,AL,34.0688,-86.1802
36204,AL,33.58,-86.7681
36224,AL,32.6033,-86.4445
36244,AL,32.2213,-85.0886
36264,AL,32.4051,-85.1638
36284,AL,32.5686,-86.1419
36304,AL,33.4245,-87.0235
36324,AL,34.9194,-86.3626
36344,AL,30.4882,-88.0469
36364,AL,32.9944,-87.4389
36384,AL,33.5383,-86.9972
36404,AL,31.2108,-85.3656
36424,AL,32.4924,-85.2946
36444,AL,34.5675,-87.1274
36464,AL,34.7189,-86.6333
36484,AL,34.6504,-87.7714
36504,AL,34.2619,-85.9317
36524,AL,33.4178,-86.779
36544,AL,32.2745,-86.5974
36564,AL,32.39,-84.9565
36584,AL,32.5105,-85.5182
36604,AL,32.1647,-86.2421
36624,AL,33.3852,-86.5998
36644,AL,34.9102,-86.8007
36664,AL,30.5644,-87.9554
36684,AL,33.0669,-87.753
36704,AL,33.6232,-86.7759
36724,AL,31.2095,-85.2482
36744,AL,32.7636,-85.6356
36764,AL,34.4044,-87.0178
36784,AL,34.6611,-86.7648
36804,AL,34.9143,-87.5906
36824,AL,34.2564,-86.2074
36844,AL,33.4,-86.8681
36864,AL,32.6448,-86.5854
36884,AL,32.3161,-85.0264
36904,AL,32.6063,-85.489
37010,TN,36.2823,-86.7501
37030,TN,35.0498,-90.1013
37050,TN,35.7721,-84.1009
37070,TN,35.0738,-85.42
37090,TN,36.4958,-87.3043
37111,TN,36.0743,-86.4811
37131,TN,36.0162,-86.9476
37151,TN,35.4952,-88.6876
37171,TN,36.2898,-82.4805
37192,TN,36.7899,-82.641
37212,TN,36.1427,-85.4518
37232,TN,35.4722,-83.4143
37252,TN,35.8616,-83.8033
37273,TN,35.6034,-86.8346
37293,TN,36.2491,-86.825
37313,TN,35.3471,-89.9474
37333,TN,36.0918,-83.9016
37354,TN,35.1893,-85.2352
37374,TN,36.3186,-87.594
37394,TN,36.0116,-86.3045
37414,TN,36.0112,-86.9424
37435,TN,35.7709,-88.6502
37455,TN,36.2424,-82.5149
37475,TN,36.6824,-82.4633
37495,TN,35.917,-85.5203
37516,TN,35.9324,-83.5379
37536,TN,35.6492,-83.7944
37556,TN,35.5057,-86.8246
37576,TN,36.0916,-86.9866
37597,TN,35.2062,-90.1474
37617,TN,36.0695,-84.0536
37637,TN,35.0425,-85.3782
37657,TN,36.4202,-87.1572
37678,TN,35.9491,-86.5358
37698,TN,35.7731,-86.7083
37718,TN,35.5625,-88.6289
37738,TN,36.348,-82.3565
37759,TN,36.5743,-82.4819
37779,TN,36.1957,-85.4104
37799,TN,35.7469,-83.7275
37819,TN,35.6025,-83.7718
37839,TN,35.4949,-87.0003
37860,TN,36.0267,-86.7701
37880,TN,35.2906,-90.2031
37900,TN,36.0496,-83.6747
37920,TN,35.1421,-85.2932
37941,TN,36.4063,-87.3294
37961,TN,35.8226,-86.1714
37981,TN,35.9956,-86.6474
38001,TN,35.3904,-88.5945
38022,TN,36.2797,-82.1059
38042,TN,36.4354,-82.4717
38062,TN,36.1461,-85.5709
38082,TN,35.8438,-83.3183
38103,TN,35.6507,-83.6653
38123,TN,35.5751,-87.0609
38143,TN,35.9153,-86.9343
38163,TN,34.9404,-90.0131
38184,TN,35.7233,-83.802
38204,TN,35.2846,-85.3478
38224,TN,36.317,-87.4845
38244,TN,35.6778,-86.4849
38265,TN,35.9881,-87.0705
38285,TN,35.6045,-88.6599
38305,TN,36.3597,-82.2904
38325,TN,36.4656,-82.6866
38346,TN,35.9667,-85.6324
38366,TN,35.6347,-83.733
38386,TN,35.7052,-83.4072
38406,TN,35.8369,-86.8974
38427,TN,36.2225,-86.6496
38447,TN,35.2122,-90.0095
38467,TN,35.7534,-84.1404
38487,TN,34.8123,-85.4031
38508,TN,36.7036,-87.577
38528,TN,35.6594,-86.1807
38548,TN,35.8961,-86.9682
38568,TN,35.6776,-89.031
38601,MS,32.1144,-90.1469
38621,MS,30.2317,-89.2929
38641,MS,34.874,-90.1447
38661,MS,31.2932,-89.3499
38682,MS,30.2189,-88.6557
38702,MS,34.7866,-89.6767
38722,MS,34.0959,-88.7036
38742,MS,32.6121,-88.529
38763,MS,33.4186,-90.9515
38783,MS,34.5092,-89.6192
38803,MS,33.4815,-88.7845
38823,MS,33.4449,-88.332
38844,MS,32.1326,-90.721
38864,MS,31.5487,-91.3383
38884,MS,32.2737,-90.2675
38904,MS,30.2979,-89.0626
38925,MS,35.2049,-90.1337
38945,MS,31.087,-89.4797
38965,MS,30.5797,-88.6537
38985,MS,34.8113,-89.7916
39006,MS,34.3322,-88.8661
39026,MS,32.5045,-88.7761
39046,MS,33.4967,-91.0681
39066,MS,34.4848,-89.3244
39087,MS,33.3909,-88.9251
39107,MS,33.5616,-88.6049
39127,MS,32.1864,-90.724
39147,MS,31.4791,-91.3376
39168,MS,32.3346,-90.0103
39188,MS,30.1531,-89.2618
39208,MS,34.8531,-90.1042
39229,MS,31.2228,-89.4066
39249,MS,30.4683,-88.9997
39269,MS,34.9342,-89.6481
39289,MS,34.1892,-88.6599
39310,MS,32.5971,-88.7467
39330,MS,33.252,-91.3002
39350,MS,34.4804,-89.4382
39370,MS,33.6706,-88.7181
39391,MS,33.2857,-88.5938
39411,MS,32.1541,-91.096
39431,MS,31.7497,-91.379
39451,MS,32.062,-90.2363
39472,MS,30.4999,-89.3012
39492,MS,34.8702,-90.185
39512,MS,31.4045,-89.0976
39532,MS,30.3007,-89.0116
39553,MS,34.8539,-89.7663
39573,MS,34.0732,-88.5341
39593,MS,32.1286,-88.6219
39613,MS,33.5903,-91.1492
39634,MS,34.3546,-89.2817
39654,MS,33.4707,-88.9322
39674,MS,33.4681,-88.1925
39694,MS,32.4514,-91.0394
39715,MS,31.6092,-91.3377
39735,MS,32.3667,-90.1528
39755,MS,30.3791,-89.023
40003,KY,38.036,-84.9356
40023,KY,38.3687,-85.735
40043,KY,38.2397,-84.7071
40063,KY,37.0155,-86.424
40083,KY,37.7633,-87.3457
40103,KY,39.3049,-84.6761
40123,KY,37.9428,-84.4661
40143,KY,38.0104,-84.706
40163,KY,37.539,-85.7605
40183,KY,36.9766,-87.3736
40203,KY,36.966,-88.7093
40223,KY,38.3472,-82.8632
40243,KY,39.0349,-84.4567
40263,KY,37.6672,-86.0187
40283,KY,38.1647,-84.976
40303,KY,38.3337,-85.7084
40323,KY,37.8904,-84.7408
40343,KY,36.8039,-86.5849
40363,KY,37.5629,-86.9393
40383,KY,38.9879,-84.5599
40403,KY,37.7424,-84.2142
40423,KY,38.0054,-84.5367
40443,KY,37.5364,-85.6664
40463,KY,36.8003,-87.5157
40483,KY,36.965,-88.6176
40503,KY,38.3415,-82.7537
40523,KY,38.7798,-84.5005
40543,KY,37.9241,-86.1562
40564,KY,38.1228,-84.8526
40584,KY,38.4881,-85.7136
40604,KY,38.0674,-84.3333
40624,KY,37.1277,-86.5215
40644,KY,37.7897,-86.9278
40664,KY,39.0711,-84.3178
40684,KY,37.736,-84.5052
40704,KY,38.4112,-84.4516
40724,KY,37.6951,-85.6589
40744,KY,37.0158,-87.3998
40764,KY,37.1435,-88.79
40784,KY,38.607,-82.8016
40804,KY,39.2412,-84.3905
40824,KY,37.9946,-86.136
40844,KY,38.1626,-84.6292
40864,KY,38.2204,-85.5099
40884,KY,38.1042,-84.3366
40904,KY,36.8474,-86.2754
40924,KY,37.979,-87.3277
40944,KY,39.0277,-84.5599
40964,KY,37.661,-84.4066
40984,KY,38.1889,-84.3721
41004,KY,37.8373,-85.7976
41024,KY,36.8769,-87.5288
41044,KY,37.0406,-88.776
41064,KY,38.5224,-82.5088
41084,KY,39.2188,-84.4141
41104,KY,37.8717,-86.1486
41125,KY,38.0939,-84.8555
41145,KY,38.1746,-85.8031
41165,KY,37.9821,-84.5109
41185,KY,37.023,-86.7121
41205,KY,37.6596,-87.2893
41225,KY,39.138,-84.4118
41245,KY,37.5173,-84.0999
41265,KY,38.1255,-84.69
41285,KY,37.8169,-85.6487
41305,KY,37.0641,-87.7285
41325,KY,37.2421,-88.6986
41345,KY,38.3686,-82.6422
41365,KY,39.0971,-84.8275
41385,KY,38.0249,-86.1319
41405,KY,38.438,-84.9017
41425,KY,38.4156,-85.8738
41445,KY,37.999,-84.4309
41465,KY,36.8125,-86.6251
41485,KY,37.9339,-86.9907
41505,KY,39.2134,-84.325
41525,KY,37.9084,-84.2871
41545,KY,38.0393,-84.6532
41565,KY,37.6974,-86.0413
41585,KY,37.0412,-87.2989
41605,KY,36.8479,-88.7537
41625,KY,38.6449,-82.4695
41645,KY,38.8737,-84.6484
41665,KY,38.0494,-85.8468
41686,KY,38.0879,-84.7115
41706,KY,38.2553,-85.6908
41726,KY,37.8525,-84.7384
41746,KY,36.9047,-86.4338
41766,KY,37.6107,-86.926
41786,KY,39.1271,-84.5837
41806,KY,37.5797,-84.0975
41826,KY,38.3343,-84.4644
41846,KY,37.5865,-85.9158
41866,KY,36.6971,-87.4525
41886,KY,37.3159,-88.4215
41906,KY,38.5521,-82.5492
41926,KY,38.8835,-84.6718
41946,KY,37.6004,-85.8089
41966,KY,38.3347,-85.1189
41986,KY,38.4585,-85.6848
42006,KY,38.0912,-84.7495
42026,KY,36.8447,-86.3283
42046,KY,37.6746,-86.8777
42066,KY,39.1551,-84.5467
42086,KY,37.6861,-84.3703
42106,KY,38.0858,-84.5755
42126,KY,37.7826,-85.6969
42146,KY,36.8142,-87.6874
42166,KY,37.0892,-88.5189
42186,KY,38.65,-82.7009
42206,KY,39.0727,-84.5721
42226,KY,37.7396,-86.145
42247,KY,37.9828,-84.6291
42267,KY,38.323,-85.5778
42287,KY,37.9212,-84.3982
42307,KY,37.1647,-86.5814
42327,KY,37.5969,-86.9785
42347,KY,39.2835,-84.3559
42367,KY,37.8991,-84.2447
42387,KY,38.2901,-84.4684
42407,KY,37.8046,-85.7814
42427,KY,37.1143,-87.6089
42447,KY,37.0427,-88.656
42467,KY,38.2461,-82.534
42487,KY,39.035,-84.7816
42507,KY,37.9537,-86.0879
42527,KY,38.2182,-84.7309
42547,KY,38.456,-85.6726
42567,KY,38.0443,-84.331
42587,KY,37.1388,-86.2926
42607,KY,37.6125,-87.3124
42627,KY,38.8977,-84.6293
42647,KY,37.9021,-84.1632
42667,KY,38.0513,-84.4689
42687,KY,37.6118,-86.0645
42707,KY,36.7932,-87.3665
42727,KY,36.9869,-88.4561
42747,KY,38.3941,-82.7577
42767,KY,38.896,-84.451
43001,OH,40.1504,-83.1811
43021,OH,41.331,-81.8081
43041,OH,39.0629,-84.3059
43061,OH,41.5808,-83.643
43081,OH,41.0962,-81.3008
43101,OH,39.7658,-84.0584
43121,OH,40.6405,-81.5811
43141,OH,41.2261,-80.6276
43161,OH,41.639,-82.019
43182,OH,40.0167,-83.9083
43202,OH,40.8516,-82.4203
43222,OH,39.856,-82.3613
43242,OH,40.9045,-84.3488
43262,OH,39.9494,-82.0767
43282,OH,41.4413,-82.7878
43302,OH,39.6208,-81.6537
43322,OH,39.7885,-83.1382
43343,OH,41.3435,-81.4959
43363,OH,39.1598,-84.3463
43383,OH,41.6656,-83.5219
43403,OH,41.107,-81.3908
43423,OH,39.5659,-84.2114
43443,OH,40.5871,-81.219
43463,OH,41.3115,-80.6597
43483,OH,41.3586,-82.2511
43504,OH,40.0827,-83.6139
43524,OH,40.8077,-82.3827
43544,OH,39.9791,-82.2964
43564,OH,40.5072,-83.9479
43584,OH,39.8015,-81.8348
43604,OH,41.2701,-82.8447
43624,OH,39.2281,-81.6398
43644,OH,39.7505,-82.9034
43664,OH,41.6413,-81.9055
43685,OH,39.2404,-84.3833
43705,OH,41.4241,-83.734
43725,OH,41.2279,-81.5123
43745,OH,39.5385,-84.3821
43765,OH,40.6754,-81.5953
43785,OH,41.1836,-80.5222
43805,OH,41.594,-81.9724
43825,OH,39.7769,-83.6082
43846,OH,40.6013,-82.5887
43866,OH,39.8535,-82.2284
43886,OH,40.9637,-83.8808
43906,OH,39.8642,-82.1829
43926,OH,41.4492,-82.5937
43946,OH,39.2863,-81.4198
43966,OH,39.7608,-82.9597
43986,OH,41.2563,-81.8359
44007,OH,38.9489,-84.6211
44027,OH,41.8536,-83.5193
44047,OH,41.3182,-81.7197
44067,OH,39.6159,-84.1895
44087,OH,40.9028,-81.4452
44107,OH,41.1445,-80.6797
44127,OH,41.6817,-82.342
44147,OH,39.8516,-83.869
44168,OH,40.616,-82.6507
44188,OH,39.8645,-82.159
44208,OH,40.5546,-84.3
44228,OH,39.7583,-81.8821
44248,OH,41.5513,-82.6794
44268,OH,39.1857,-81.5408
44288,OH,39.7691,-83.107
44308,OH,41.5495,-81.7884
44328,OH,39.3412,-84.54
44349,OH,41.6798,-83.6426
44369,OH,41.2591,-81.6746
44389,OH,39.5437,-84.0211
44409,OH,40.7867,-81.2888
44429,OH,40.9394,-80.4001
44449,OH,41.4486,-82.3798
44469,OH,39.8932,-83.7295
44489,OH,40.5514,-82.6928
44510,OH,40.0084,-82.356
44530,OH,40.5437,-83.8926
44550,OH,40.1792,-82.2308
44570,OH,41.6865,-82.7887
44590,OH,39.4629,-81.2096
44610,OH,39.7726,-82.8297
44630,OH,41.6119,-81.8051
44650,OH,39.2098,-84.471
44671,OH,41.5393,-83.3932
44691,OH,41.1533,-81.5689
44711,OH,39.7468,-84.14
44731,OH,40.7511,-81.3861
44751,OH,40.9892,-80.5155
44771,OH,41.2568,-82.3071
44791,OH,39.9228,-83.7446
44811,OH,40.5762,-82.7147
44831,OH,39.8345,-82.6172
44852,OH,40.8319,-83.8692
44872,OH,39.8816,-81.9236
44892,OH,41.2753,-82.647
44912,OH,39.2136,-81.6666
44932,OH,40.087,-82.865
44952,OH,41.6457,-81.8434
44972,OH,39.1841,-84.5169
44992,OH,41.5336,-83.6161
45013,OH,41.2612,-81.4957
45033,OH,39.9852,-84.4258
45053,OH,40.7641,-81.1709
45073,OH,41.0416,-80.7422
45093,OH,41.391,-82.2026
45113,OH,39.6906,-83.7805
45133,OH,40.9391,-82.613
45153,OH,40.1611,-82.4056
45174,OH,40.56,-83.9973
45194,OH,39.934,-82.2085
45214,OH,41.5364,-82.628
45234,OH,39.5081,-81.4188
45254,OH,39.9492,-82.8216
45274,OH,41.5026,-81.7487
45294,OH,39.1004,-84.2766
45314,OH,41.7113,-83.6115
45335,OH,41.3203,-81.6088
45355,OH,39.523,-84.419
45375,OH,40.9674,-81.454
45395,OH,41.2208,-80.8861
45415,OH,41.6485,-82.2618
45435,OH,39.7229,-83.8862
45455,OH,40.6876,-82.5889
45475,OH,40.1387,-82.5275
45495,OH,40.8168,-84.0589
45516,OH,40.1455,-82.2304
45536,OH,41.3514,-82.7892
45556,OH,39.1753,-81.5418
45576,OH,39.9417,-82.8171
45596,OH,41.5333,-81.4937
45616,OH,38.9864,-84.414
45636,OH,41.6968,-83.295
45656,OH,41.0203,-81.5738
45677,OH,39.7952,-84.0374
45697,OH,40.5989,-81.2908
45717,OH,41.0178,-80.6481
45737,OH,41.5853,-82.2626
45757,OH,39.9816,-83.8771
45777,OH,40.7269,-82.516
45797,OH,40.2318,-82.2577
45817,OH,40.913,-84.0873
45838,OH,39.834,-82.2394
45858,OH,41.697,-82.757
45878,OH,39.2783,-81.3335
45898,OH,39.7572,-82.8267
45918,OH,41.2967,-81.776
45938,OH,38.8867,-84.3614
45958,OH,41.6404,-83.683
45978,OH,41.2292,-81.4432
46001,IN,39.9046,-86.1138
46021,IN,41.0795,-85.2169
46041,IN,37.7339,-87.7688
46061,IN,41.6344,-86.0211
46081,IN,39.7864,-85.8977
46101,IN,39.7776,-86.1073
46121,IN,39.143,-86.673
46142,IN,41.5749,-87.512
46162,IN,40.3858,-86.7769
46182,IN,40.1029,-85.4863
46202,IN,39.6218,-87.6064
46222,IN,40.661,-86.0596
46242,IN,40.1939,-85.8481
46263,IN,39.4434,-86.0494
46283,IN,39.6056,-86.328
46303,IN,41.1092,-84.9102
46323,IN,37.8375,-87.6186
46343,IN,41.5186,-86.1818
46363,IN,39.9445,-86.3534
46384,IN,40.0139,-86.1645
46404,IN,39.2114,-86.582
46424,IN,41.6858,-87.6472
46444,IN,40.5429,-86.7209
46464,IN,39.9747,-85.5855
46484,IN,39.6527,-87.5704
46505,IN,40.3994,-86.1548
46525,IN,39.9865,-85.499
46545,IN,39.2153,-85.8518
46565,IN,39.8169,-86.1024
46585,IN,41.1228,-85.2154
46605,IN,38.1444,-87.5124
46626,IN,41.8333,-86.149
46646,IN,39.8771,-86.0608
46666,IN,39.7492,-86.1962
46686,IN,38.9742,-86.6237
46706,IN,41.4249,-87.4034
46726,IN,40.4221,-86.9162
46746,IN,40.0123,-85.4445
46767,IN,39.3096,-87.3461
46787,IN,40.5831,-86.061
46807,IN,40.3552,-85.6528
46827,IN,39.1962,-86.1013
46847,IN,39.6757,-86.1826
46867,IN,40.8561,-85.2099
46888,IN,37.7264,-87.7528
46908,IN,41.834,-86.0201
46928,IN,39.9811,-86.1205
46948,IN,40.0491,-86.0554
46968,IN,39.3352,-86.5321
46988,IN,41.3747,-87.7347
47009,IN,40.5472,-86.9793
47029,IN,40.0808,-85.3676
47049,IN,39.3008,-87.4352
47069,IN,40.6077,-86.0006
47089,IN,40.1302,-85.8737
47109,IN,39.0085,-85.7838
47130,IN,39.93,-86.2247
47150,IN,41.2406,-85.3686
47170,IN,38.0811,-87.5479
47190,IN,41.9213,-86.4508
47210,IN,40.1434,-85.9923
47230,IN,39.8557,-85.7635
47251,IN,39.1402,-86.6021
47271,IN,41.7418,-87.5306
47291,IN,40.6637,-86.7375
47311,IN,40.0619,-85.231
47331,IN,39.5107,-87.4886
47351,IN,40.5918,-86.0672
47371,IN,39.9383,-85.8607
47392,IN,39.0547,-86.0679
47412,IN,39.5481,-86.2327
47432,IN,40.9698,-85.12
47452,IN,37.8834,-87.4691
47472,IN,41.5711,-86.3683
47492,IN,40.1574,-85.8753
47513,IN,40.0464,-86.2156
47533,IN,39.3967,-86.3836
47553,IN,41.7928,-87.2539
47573,IN,40.6002,-87.0619
47593,IN,40.3764,-85.5116
47613,IN,39.5724,-87.2497
47634,IN,40.6171,-86.0455
47654,IN,40.1,-85.6416
47674,IN,39.0858,-85.9643
47694,IN,39.7444,-86.0913
47714,IN,41.2694,-85.3429
47734,IN,37.9794,-87.682
47755,IN,41.8946,-86.3175
47775,IN,40.2035,-86.2044
47795,IN,39.708,-85.8761
47815,IN,39.2817,-86.4109
47835,IN,41.5626,-87.418
47855,IN,40.3458,-87.0936
47876,IN,40.2106,-85.5275
47896,IN,39.4315,-87.558
47916,IN,40.3707,-85.9694
47936,IN,40.0242,-85.6413
47956,IN,39.2345,-85.9287
47976,IN,39.6903,-86.0668
48001,MI,42.6619,-84.6528
48021,MI,42.3572,-83.2079
48041,MI,43.0167,-85.4972
48061,MI,42.6939,-83.1947
48081,MI,42.5996,-83.1486
48101,MI,42.474,-83.9548
48121,MI,42.11,-83.417
48141,MI,43.0161,-83.9219
48161,MI,42.3326,-85.6346
48181,MI,43.4645,-83.7476
48202,MI,44.7889,-85.5989
48222,MI,43.4836,-86.2623
48242,MI,46.6812,-87.4625
48262,MI,43.4773,-84.1111
48282,MI,42.9042,-86.2134
48302,MI,45.3577,-84.9501
48322,MI,42.6809,-84.5544
48342,MI,42.4127,-82.8718
48362,MI,43.1167,-85.6111
48382,MI,42.3474,-83.0076
48403,MI,42.5534,-83.1906
48423,MI,42.5052,-83.6633
48443,MI,42.5562,-83.0583
48463,MI,43.0043,-83.7581
48483,MI,42.1511,-85.5934
48503,MI,43.2009,-84.0161
48523,MI,44.5345,-85.7672
48543,MI,43.4381,-86.3178
48563,MI,46.5284,-87.4181
48583,MI,43.3888,-84.0069
48604,MI,42.6996,-86.007
48624,MI,45.386,-84.7905
48644,MI,42.8999,-84.6738
48664,MI,42.3536,-83.2089
48684,MI,43.0402,-85.7355
48704,MI,42.5912,-82.847
48724,MI,42.5886,-83.092
48744,MI,42.4844,-83.7348
48764,MI,42.2487,-82.9924
48784,MI,43.0059,-83.6964
48805,MI,42.3438,-85.5863
48825,MI,43.239,-84.118
48845,MI,44.5516,-85.5489
48865,MI,43.09,-86.4049
48885,MI,46.4747,-87.2867
48905,MI,43.4248,-84.382
48925,MI,42.9432,-85.9988
48945,MI,45.3661,-84.9659
48965,MI,42.5879,-84.7249
48986,MI,42.4981,-83.2846
49006,MI,42.735,-85.6314
49026,MI,42.3451,-82.9499
49046,MI,42.3499,-82.9941
49066,MI,42.0588,-83.8639
49086,MI,42.1623,-82.9472
49106,MI,43.0622,-83.6557
49126,MI,42.051,-85.4774
49146,MI,43.5004,-84.0591
49166,MI,44.556,-85.646
49187,MI,43.4806,-86.0647
49207,MI,46.3789,-87.2302
49227,MI,43.666,-84.0999
49247,MI,42.9478,-86.268
49267,MI,45.4551,-85.073
49287,MI,42.8446,-84.6342
49307,MI,42.3081,-83.0005
49327,MI,42.8283,-85.7254
49347,MI,42.3188,-83.1635
49367,MI,42.7601,-83.028
49388,MI,42.2407,-83.9182
49408,MI,42.1204,-83.1884
49428,MI,43.0699,-83.918
49448,MI,42.4336,-85.5855
49468,MI,43.2283,-83.9597
49488,MI,44.5783,-85.5689
49508,MI,43.398,-86.0499
49528,MI,46.681,-87.3208
49548,MI,43.6266,-84.312
49568,MI,42.5593,-86.094
49589,MI,45.24,-84.8041
49609,MI,42.8773,-84.6149
49629,MI,42.3759,-82.9251
49649,MI,43.0942,-85.5697
49669,MI,42.3134,-83.1978
49689,MI,42.5689,-83.1639
49709,MI,42.4603,-83.8514
49729,MI,42.5107,-83.222
49749,MI,42.857,-83.5829
49769,MI,42.4364,-85.5482
49790,MI,43.2284,-84.1972
49810,MI,44.8404,-85.5267
49830,MI,43.1422,-86.3173
49850,MI,46.371,-87.3196
49870,MI,43.4924,-84.0697
49890,MI,42.7494,-86.1761
49910,MI,45.2631,-84.865
49930,MI,42.86,-84.5989
49950,MI,42.4733,-83.0546
50001,IA,41.361,-93.8252
50021,IA,42.1198,-91.6858
50041,IA,41.3357,-90.3988
50061,IA,42.4669,-96.6546
50081,IA,41.8901,-91.679
50101,IA,42.5871,-92.5266
50121,IA,41.3369,-96.0313
50141,IA,42.2511,-93.733
50161,IA,42.5779,-90.7896
50181,IA,41.6655,-93.4034
50201,IA,41.41,-93.7631
50221,IA,43.0564,-93.1013
50241,IA,40.6746,-91.0352
50261,IA,42.5993,-94.4175
50281,IA,41.5752,-93.8087
50301,IA,41.841,-91.5756
50321,IA,41.2782,-90.4798
50341,IA,42.6549,-96.1608
50362,IA,41.6223,-91.7141
50382,IA,42.2782,-92.4011
50402,IA,41.3773,-96.0596
50422,IA,41.9414,-93.4295
50442,IA,42.3192,-90.5281
50462,IA,41.8562,-93.7887
50482,IA,41.8237,-93.8899
50502,IA,43.1689,-93.4468
50522,IA,40.8825,-91.1429
50542,IA,42.6087,-94.104
50562,IA,41.4125,-93.6691
50582,IA,42.0712,-91.4856
50602,IA,41.3169,-90.7774
50622,IA,42.6225,-96.3601
50642,IA,41.6031,-91.2986
50662,IA,42.4001,-92.5227
50682,IA,41.1504,-96.0687
50703,IA,42.0614,-93.57
50723,IA,42.5544,-90.5253
50743,IA,41.8248,-93.4314
50763,IA,41.6564,-93.8105
50783,IA,43.1625,-93.1962
50803,IA,40.9314,-91.2151
50823,IA,42.2748,-93.969
50843,IA,41.8141,-93.6276
50863,IA,41.7843,-91.6658
50883,IA,41.5706,-90.5635
50903,IA,42.7351,-96.1615
50923,IA,41.8781,-91.7142
50943,IA,42.6732,-92.3084
50963,IA,41.1946,-95.7693
50983,IA,42.1661,-93.3928
51003,IA,42.6358,-90.9065
51023,IA,41.5134,-93.7242
51043,IA,41.3471,-93.9311
51064,IA,43.2982,-93.1977
51084,IA,40.8718,-91.1124
51104,IA,42.4552,-94.0671
51124,IA,41.378,-93.6067
51144,IA,42.0359,-91.7769
51164,IA,41.4286,-90.5719
51184,IA,42.3479,-96.2509
51204,IA,41.6793,-91.5848
51224,IA,42.5599,-92.1753
51244,IA,41.3524,-96.0777
51264,IA,42.134,-93.505
51284,IA,42.6738,-90.8858
51304,IA,41.5227,-93.6381
51324,IA,41.5539,-93.6569
51344,IA,43.0582,-93.0802
51364,IA,40.9278,-91.3032
51384,IA,42.6015,-94.0673
51405,IA,41.4187,-93.3985
51425,IA,41.9894,-91.5241
51445,IA,41.634,-90.7441
51465,IA,42.3098,-96.2643
51485,IA,41.5455,-91.337
51505,IA,42.6285,-92.5779
51525,IA,41.4155,-95.9748
51545,IA,41.8166,-93.5138
51565,IA,42.5389,-90.8763
51585,IA,41.7072,-93.6752
51605,IA,41.577,-93.6779
51625,IA,43.0874,-93.3234
51645,IA,40.609,-91.0759
51665,IA,42.6089,-94.3038
51685,IA,41.5912,-93.853
51705,IA,42.1594,-91.7933
51725,IA,41.5095,-90.6361
51745,IA,42.3213,-96.1893
51766,IA,41.8398,-91.5038
51786,IA,42.6998,-92.2223
51806,IA,41.2216,-95.9499
51826,IA,41.9928,-93.5099
51846,IA,42.3862,-90.8759
51866,IA,41.666,-93.6043
51886,IA,41.7782,-93.8716
51906,IA,43.3058,-92.9603
51926,IA,41.0345,-91.3284
51946,IA,42.48,-94.2768
51966,IA,41.7592,-93.7113
51986,IA,42.0044,-91.9116
52006,IA,41.3739,-90.5457
52026,IA,42.3983,-96.3435
52046,IA,41.6431,-91.4844
52066,IA,42.4895,-92.2063
52086,IA,41.1096,-95.6606
52107,IA,42.1649,-93.7474
52127,IA,42.2538,-90.7098
52147,IA,41.5961,-93.6821
52167,IA,41.747,-93.5227
52187,IA,43.3791,-93.4503
52207,IA,40.8862,-90.9384
52227,IA,42.6111,-94.366
52247,IA,41.6017,-93.7559
52267,IA,41.9739,-91.8857
52287,IA,41.7721,-90.4718
52307,IA,42.2928,-96.1943
52327,IA,41.8597,-91.5203
52347,IA,42.5932,-92.4064
52367,IA,41.4992,-96.0683
52387,IA,41.8325,-93.8032
52407,IA,42.6606,-90.8774
52427,IA,41.7635,-93.6378
52447,IA,41.8093,-93.8429
52468,IA,43.0341,-93.2935
52488,IA,40.9579,-91.0125
52508,IA,42.6152,-94.259
52528,IA,41.4728,-93.8377
52548,IA,41.8293,-91.5256
52568,IA,41.566,-90.7499
52588,IA,42.3285,-96.4219
52608,IA,41.6144,-91.5122
52628,IA,42.7251,-92.4888
52648,IA,41.1661,-95.9783
52668,IA,41.8447,-93.7912
52688,IA,42.5936,-90.5016
52708,IA,41.828,-93.8351
52728,IA,41.7452,-93.7974
52748,IA,42.9492,-93.3269
52768,IA,40.7354,-91.1062
52788,IA,42.5861,-94.2879
53001,WI,42.885,-89.4075
53021,WI,42.8667,-87.8282
53041,WI,44.3763,-88.0656
53061,WI,42.4843,-87.857
53081,WI,42.5672,-87.6271
53101,WI,44.0662,-88.4461
53121,WI,43.1814,-88.4006
53141,WI,44.7382,-91.5315
53161,WI,43.9543,-88.3573
53181,WI,43.6506,-91.3948
53201,WI,42.4529,-89.0714
53222,WI,43.8728,-87.514
53242,WI,44.3538,-89.7251
53262,WI,44.9487,-89.5475
53282,WI,46.6037,-92.1436
53302,WI,43.8001,-88.2969
53322,WI,43.1803,-89.4888
53342,WI,43.1711,-87.7156
53362,WI,44.5142,-87.8015
53382,WI,42.7562,-87.8768
53402,WI,42.531,-87.979
53422,WI,44.0225,-88.5876
53443,WI,43.0117,-88.0978
53463,WI,44.6796,-91.4093
53483,WI,43.9458,-88.3044
53503,WI,43.9201,-91.2724
53523,WI,42.5775,-89.0257
53543,WI,43.8812,-87.8406
53563,WI,44.3498,-89.569
53583,WI,44.8338,-89.4967
53603,WI,46.9029,-91.857
53623,WI,43.6487,-88.2865
53643,WI,42.9223,-89.298
53664,WI,43.1939,-87.8059
53684,WI,44.5145,-88.1727
53704,WI,42.831,-87.7756
53724,WI,42.7933,-87.9182
53744,WI,44.078,-88.6462
53764,WI,43.2569,-88.017
53784,WI,44.7745,-91.4403
53804,WI,43.8202,-88.7671
53824,WI,43.755,-91.3364
53844,WI,42.7495,-89.153
53864,WI,43.6689,-87.7249
53885,WI,44.5285,-89.5027
53905,WI,44.8612,-89.7455
53925,WI,46.6111,-92.1786
53945,WI,43.734,-88.5369
53965,WI,42.8469,-89.6308
53985,WI,42.815,-87.7841
54005,WI,44.3693,-88.0273
54025,WI,42.7889,-88.0208
54045,WI,42.5685,-87.5587
54065,WI,44.1937,-88.5132
54085,WI,42.8101,-88.4747
54106,WI,44.8372,-91.3175
54126,WI,43.9403,-88.422
54146,WI,43.7321,-91.1002
54166,WI,42.6972,-89.0829
54186,WI,43.8259,-87.8595
54206,WI,44.4656,-89.381
54226,WI,44.7743,-89.5088
54246,WI,46.531,-92.0608
54266,WI,43.9811,-88.3696
54286,WI,42.9183,-89.2989
54306,WI,43.2517,-88.1191
54327,WI,44.5366,-88.0919
54347,WI,42.6974,-87.5764
54367,WI,42.5771,-87.6725
54387,WI,44.0338,-88.5695
54407,WI,43.0369,-88.3552
54427,WI,44.9998,-91.3218
54447,WI,44.2281,-88.305
54467,WI,43.9989,-91.2654
54487,WI,42.7915,-88.8133
54507,WI,43.5347,-87.755
54527,WI,44.7393,-89.5727
54548,WI,44.72,-89.5805
54568,WI,46.8192,-92.2896
54588,WI,43.5477,-88.4137
54608,WI,43.2203,-89.3043
54628,WI,43.1593,-87.9578
54648,WI,44.6056,-87.8282
54668,WI,42.8205,-87.9884
54688,WI,42.8515,-87.8408
54708,WI,44.4016,-88.465
54728,WI,42.8974,-88.3895
54748,WI,44.6413,-91.6396
54769,WI,44.1231,-88.353
54789,WI,43.9467,-91.2619
54809,WI,42.7867,-89.0062
54829,WI,43.6525,-87.8543
54849,WI,44.6277,-89.5485
54869,WI,44.7947,-89.8573
54889,WI,46.5899,-92.3346
54909,WI,43.5991,-88.255
54929,WI,43.2867,-89.516
54949,WI,43.1842,-87.8353
54969,WI,44.3878,-87.8516
55001,MN,44.8888,-93.0625
55021,MN,44.8547,-93.3617
55041,MN,43.9343,-92.3775
55061,MN,46.9046,-91.923
55081,MN,44.9204,-93.1744
55101,MN,45.0674,-93.2566
55121,MN,44.8414,-93.5983
55141,MN,45.0227,-93.5366
55161,MN,44.9492,-92.8609
55181,MN,45.6613,-94.3328
55201,MN,44.3959,-94.2468
55221,MN,46.6694,-96.9451
55241,MN,44.7753,-92.5661
55261,MN,47.2556,-95.0194
55281,MN,46.148,-94.4319
55301,MN,43.9922,-91.3971
55321,MN,43.705,-93.3578
55341,MN,48.7069,-93.3621
55361,MN,45.1766,-92.9299
55381,MN,45.0479,-93.2955
55401,MN,43.863,-92.4018
55421,MN,46.9387,-92.2075
55441,MN,44.6076,-93.2485
55461,MN,45.102,-93.4905
55481,MN,44.8452,-93.6875
55501,MN,44.942,-93.7057
55521,MN,44.7526,-92.711
55541,MN,45.6977,-94.2366
55561,MN,44.1112,-93.9564
55581,MN,46.8828,-96.6493
55601,MN,44.3467,-92.7387
55621,MN,47.3658,-94.7154
55641,MN,46.5655,-94.2768
55661,MN,44.2816,-91.751
55681,MN,43.7012,-93.521
55701,MN,48.816,-93.3733
55721,MN,44.8343,-93.1364
55741,MN,44.781,-93.4788
55761,MN,43.9092,-92.2567
55781,MN,46.9382,-91.8721
55801,MN,45.0289,-93.1417
55821,MN,45.1315,-93.2592
55841,MN,45.2435,-93.4239
55861,MN,45.2074,-93.3271
55882,MN,45.1545,-92.98
55902,MN,45.5383,-94.1198
55922,MN,43.9273,-94.1913
55942,MN,46.6577,-96.701
55962,MN,44.8095,-92.4453
55982,MN,47.3386,-94.9724
56002,MN,46.5857,-94.1925
56022,MN,43.8049,-91.4732
56042,MN,43.5221,-93.5718
56062,MN,48.6879,-93.2503
56082,MN,44.7417,-92.8743
56102,MN,44.9661,-93.3382
56122,MN,44.2093,-92.5957
56142,MN,47.0103,-92.0089
56162,MN,45.0458,-93.2988
56182,MN,44.9439,-93.2386
56202,MN,45.1969,-93.6021
56222,MN,44.9238,-93.581
56242,MN,44.9832,-93.1314
56262,MN,45.3612,-93.9531
56282,MN,44.2515,-93.9177
56302,MN,46.9308,-96.6357
56322,MN,44.5831,-92.7627
56342,MN,47.4647,-94.82
56362,MN,46.3542,-93.9581
56382,MN,44.2485,-91.4549
56402,MN,43.6434,-93.1261
56422,MN,48.8091,-93.5207
56442,MN,44.8147,-93.0517
56462,MN,44.7549,-93.1154
56482,MN,44.0013,-92.4598
56502,MN,46.7879,-92.1536
56522,MN,44.934,-93.4609
56542,MN,45.3324,-93.2572
56562,MN,44.9905,-93.3609
56582,MN,44.8283,-93.6004
56602,MN,44.9644,-93.0467
56622,MN,45.6143,-94.2833
56642,MN,44.1879,-94.1308
56662,MN,46.8596,-96.7113
56682,MN,44.4954,-92.5344
56702,MN,47.3289,-94.7799
56722,MN,46.2942,-94.0236
56742,MN,43.9398,-91.7994
57001,SD,44.3988,-100.5391
57016,SD,43.5757,-96.8851
57032,SD,44.1399,-103.1926
57048,SD,45.2411,-98.4514
57064,SD,44.1561,-96.8105
57080,SD,45.0978,-97.3049
57096,SD,43.9275,-98.1899
57112,SD,42.6306,-97.2539
57128,SD,44.2359,-98.112
57144,SD,42.9732,-96.9571
57160,SD,44.6443,-103.8059
57176,SD,44.3603,-103.7366
57192,SD,43.6126,-103.7128
57208,SD,44.3452,-103.7721
57224,SD,44.5481,-100.4423
57240,SD,43.4246,-96.924
57256,SD,43.8802,-103.3969
57272,SD,45.2867,-98.6087
57288,SD,44.1062,-96.895
57304,SD,44.853,-97.2804
57320,SD,43.7666,-98.1172
57336,SD,42.6347,-97.618
57352,SD,44.3083,-98.3048
57368,SD,42.7358,-97.0171
57384,SD,44.4286,-103.6954
57400,SD,44.2199,-103.6578
57415,SD,43.5577,-103.4314
57431,SD,44.3732,-103.6034
57447,SD,44.3108,-100.5435
57463,SD,43.3263,-96.7489
57479,SD,44.034,-103.2389
57495,SD,45.4184,-98.6196
57511,SD,44.5045,-96.9138
57527,SD,45.1311,-97.0275
57543,SD,43.5826,-98.0024
57559,SD,43.0137,-97.495
57575,SD,44.3167,-98.4228
57591,SD,42.8473,-97.0775
57607,SD,44.7248,-103.9226
57623,SD,44.6521,-103.3681
57639,SD,43.4504,-103.5125
57655,SD,44.5824,-103.7537
57671,SD,44.1188,-100.3687
57687,SD,43.7107,-96.8367
57703,SD,44.3165,-103.4807
57719,SD,45.6815,-98.4954
57735,SD,44.3603,-96.6287
57751,SD,44.8395,-97.1893
57767,SD,43.7755,-97.9872
57783,SD,42.8763,-97.6246
58001,ND,46.628,-100.7582
58018,ND,46.7812,-96.839
58035,ND,48.0957,-97.0599
58052,ND,48.0292,-101.5148
58069,ND,46.9476,-96.8586
58086,ND,48.0081,-103.4002
58103,ND,46.7682,-103.0283
58120,ND,46.846,-100.917
58137,ND,46.9964,-98.9147
58154,ND,46.2711,-96.7587
58172,ND,48.0217,-98.8126
58189,ND,47.145,-97.7989
58206,ND,46.7388,-100.9597
58223,ND,47.0541,-96.855
58240,ND,47.8617,-97.1406
58257,ND,48.1587,-101.0535
58274,ND,47.0641,-97.1065
58291,ND,48.2609,-103.6459
58308,ND,47.1255,-102.6378
58325,ND,46.7211,-100.7369
58343,ND,47.1458,-98.7465
58360,ND,46.4634,-96.7861
58377,ND,48.1564,-99.0721
58394,ND,46.7772,-98.0158
58411,ND,46.9921,-100.5404
58428,ND,46.6603,-96.5598
58445,ND,48.0534,-97.2387
58462,ND,48.1877,-101.0851
58479,ND,46.8342,-96.8724
58496,ND,48.2521,-103.4904
58514,ND,46.6977,-102.9466
58531,ND,46.7677,-100.8628
58548,ND,46.6817,-98.5453
58565,ND,46.4325,-96.7039
58582,ND,48.1424,-98.8834
58599,ND,46.6867,-98.2519
58616,ND,46.6896,-100.5557
58633,ND,47.0443,-96.8035
58650,ND,48.0022,-96.8366
58667,ND,48.1916,-101.2964
58685,ND,46.9708,-97.0279
58702,ND,47.9567,-103.7294
58719,ND,47.1264,-103.0062
58736,ND,46.9496,-100.8492
58753,ND,46.9434,-98.5242
58770,ND,46.3292,-96.6179
58787,ND,48.2099,-99.0553
58804,ND,46.9296,-97.9655
58821,ND,46.9809,-100.9523
58838,ND,46.6565,-96.88
59001,MT,46.6265,-112.2353
59019,MT,45.5613,-108.3652
59038,MT,46.7961,-113.8354
59057,MT,47.4585,-111.1169
59075,MT,45.8619,-111.1795
59094,MT,46.0802,-112.4836
59113,MT,47.9477,-114.1781
59132,MT,48.4942,-109.7817
59150,MT,46.1789,-105.8206
59169,MT,45.4875,-110.5589
59188,MT,47.5771,-104.381
59206,MT,48.5264,-114.4064
59225,MT,48.1698,-106.5885
59244,MT,47.1077,-104.8517
59263,MT,46.4833,-112.0773
59281,MT,45.5994,-108.7094
59300,MT,46.9078,-114.2193
59319,MT,47.4498,-111.5083
59337,MT,45.6779,-110.906
59356,MT,45.819,-112.7174
59375,MT,48.2216,-114.3229
59394,MT,48.6291,-109.8361
59412,MT,46.4663,-105.7228
59431,MT,45.5358,-110.7743
59450,MT,47.8551,-104.2446
59469,MT,48.6227,-114.558
59487,MT,48.2829,-106.6743
59506,MT,47.0295,-104.8023
59525,MT,46.6353,-112.2624
59543,MT,45.6857,-108.2569
59562,MT,46.9302,-113.7489
59581,MT,47.4713,-111.4779
59600,MT,45.4494,-110.8838
59618,MT,45.8536,-112.5979
59637,MT,48.3209,-114.1404
59656,MT,48.3592,-109.9068
59674,MT,46.6328,-105.6272
59693,MT,45.8471,-110.4
59712,MT,47.4736,-104.0594
59731,MT,48.2162,-114.3778
59749,MT,47.9584,-106.7816
59768,MT,47.1243,-104.8608
59787,MT,46.6,-112.1452
59805,MT,45.7748,-108.3857
59824,MT,46.6928,-113.8946
59843,MT,47.2594,-111.2593
59862,MT,45.7588,-111.2712
59880,MT,45.839,-112.6428
59899,MT,48.3366,-114.2578
59918,MT,48.3295,-109.6067
60001,IL,39.8332,-89.4633
60021,IL,41.7222,-87.499
60041,IL,41.8728,-88.2907
60061,IL,42.2608,-88.9093
60081,IL,41.4415,-87.8532
60101,IL,41.5085,-87.9349
60121,IL,40.9246,-89.7803
60141,IL,42.2852,-88.2931
60161,IL,39.9877,-88.1912
60182,IL,40.3365,-88.7861
60202,IL,39.8663,-88.817
60222,IL,41.9854,-87.6709
60242,IL,42.2932,-87.964
60262,IL,37.7337,-89.2182
60282,IL,40.7471,-90.1305
60302,IL,39.9203,-91.24
60322,IL,39.9889,-89.7147
60343,IL,41.8351,-87.5985
60363,IL,41.6212,-88.4971
60383,IL,42.1515,-88.8766
60403,IL,41.5646,-88.1229
60423,IL,41.577,-88.2386
60443,IL,40.6335,-89.4223
60463,IL,42.0351,-88.2053
60483,IL,40.2088,-88.3647
60504,IL,40.645,-88.7604
60524,IL,39.9111,-88.9595
60544,IL,41.8792,-87.5402
60564,IL,42.1982,-87.7346
60584,IL,37.7215,-89.0084
60604,IL,40.9689,-90.3003
60624,IL,39.715,-91.643
60644,IL,39.955,-89.4275
60664,IL,41.9622,-87.4976
60685,IL,41.7168,-88.1488
60705,IL,42.1368,-88.9904
60725,IL,41.2796,-88.0788
60745,IL,41.6874,-88.0946
60765,IL,40.777,-89.5307
60785,IL,42.027,-88.2887
60805,IL,39.8697,-88.2176
60825,IL,40.2401,-88.979
60846,IL,39.7277,-88.7161
60866,IL,41.8037,-87.5311
60886,IL,42.4506,-87.6917
60906,IL,37.9322,-89.4133
60926,IL,40.746,-90.5468
60946,IL,39.7816,-91.3967
60966,IL,39.9393,-89.7664
60986,IL,41.8265,-87.6933
61007,IL,41.7136,-88.2876
61027,IL,42.5162,-89.2311
61047,IL,41.617,-87.9078
61067,IL,41.8277,-87.9744
61087,IL,40.8234,-89.7922
61107,IL,41.975,-88.2562
61127,IL,39.8945,-88.4887
61147,IL,40.3199,-88.9938
61168,IL,39.8073,-88.8126
61188,IL,42.078,-87.5087
61208,IL,42.1613,-87.8307
61228,IL,37.4986,-89.3611
61248,IL,41.1319,-90.1774
61268,IL,39.9234,-91.6366
61288,IL,39.5689,-89.4373
61308,IL,42.0778,-87.598
61328,IL,41.5271,-88.1057
61349,IL,42.1783,-88.8633
61369,IL,41.5685,-87.9556
61389,IL,41.8572,-88.2044
61409,IL,40.4821,-89.7578
61429,IL,41.9056,-88.1153
61449,IL,40.061,-88.0451
61469,IL,40.4001,-88.8659
61489,IL,39.6603,-88.7106
61510,IL,42.1572,-87.6873
61530,IL,42.6008,-88.068
61550,IL,37.6958,-89.0475
61570,IL,40.8681,-90.2367
61590,IL,40.163,-91.4615
61610,IL,39.9185,-89.8853
61630,IL,41.7648,-87.3835
61650,IL,41.7559,-88.3922
61671,IL,42.4917,-89.1281
61691,IL,41.6148,-88.0014
61711,IL,41.5436,-88.0942
61731,IL,40.8426,-89.4824
61751,IL,41.8264,-88.4555
61771,IL,40.2222,-88.1764
61791,IL,40.604,-89.0854
61811,IL,39.6436,-89.2022
61831,IL,41.9492,-87.7577
61852,IL,42.2485,-88.0285
61872,IL,37.571,-89.2424
61892,IL,40.9752,-90.4172
61912,IL,39.6987,-91.4829
61932,IL,39.5782,-89.6011
61952,IL,41.7903,-87.6872
61972,IL,41.6565,-88.3762
61992,IL,42.0634,-88.8934
62013,IL,41.7276,-87.8426
62033,IL,41.7868,-88.3187
62053,IL,40.634,-89.7696
62073,IL,41.936,-88.286
62093,IL,39.898,-88.2761
62113,IL,40.4448,-89.0016
62133,IL,39.6288,-89.079
62153,IL,41.9184,-87.6252
62174,IL,42.4105,-87.997
62194,IL,37.5308,-89.3145
62214,IL,41.1722,-90.4551
62234,IL,39.9957,-91.2579
62254,IL,39.6965,-89.7327
62274,IL,42.0358,-87.45
62294,IL,41.9977,-88.502
62314,IL,42.1814,-88.8704
62335,IL,41.3754,-88.1746
62355,IL,41.9831,-87.9191
62375,IL,40.5893,-89.4915
62395,IL,42.0309,-88.2447
62415,IL,39.9876,-88.3054
62435,IL,40.6424,-89.0472
62455,IL,39.6472,-88.9229
62475,IL,42.0912,-87.6649
62495,IL,42.4545,-87.8198
62516,IL,37.9538,-89.236
62536,IL,41.052,-90.402
62556,IL,39.8313,-91.3135
62576,IL,39.9412,-89.5023
62596,IL,41.8327,-87.6301
62616,IL,41.8273,-88.4491
62636,IL,42.3504,-88.9864
62656,IL,41.6695,-88.2947
62677,IL,41.9962,-88.1639
62697,IL,40.644,-89.5857
62717,IL,42.2456,-88.1867
62737,IL,40.1382,-88.098
62757,IL,40.414,-88.7959
62777,IL,39.8588,-88.8857
62797,IL,41.8376,-87.5532
62817,IL,42.4424,-87.9173
62838,IL,37.8008,-89.4447
62858,IL,41.1896,-90.2825
62878,IL,39.8854,-91.2836
62898,IL,40.0146,-89.6849
62918,IL,41.6334,-87.7504
62938,IL,41.7659,-88.3107
62958,IL,42.3114,-89.0564
62978,IL,41.4979,-88.1361
63001,MO,38.4815,-92.2499
63021,MO,39.1195,-94.4262
63041,MO,38.5979,-90.2665
63061,MO,37.0889,-93.3905
63081,MO,38.7017,-92.1764
63101,MO,39.2651,-94.4936
63121,MO,38.8954,-94.628
63141,MO,39.0216,-90.4763
63162,MO,39.7572,-95.0922
63182,MO,38.7533,-90.6009
63202,MO,36.9498,-94.7597
63222,MO,36.5805,-93.2626
63242,MO,37.3362,-89.5707
63262,MO,39.54,-91.2399
63282,MO,38.5216,-92.2343
63302,MO,38.9812,-94.6175
63323,MO,38.4968,-90.0671
63343,MO,37.414,-93.1385
63363,MO,39.044,-92.4418
63383,MO,39.2126,-94.2611
63403,MO,38.8673,-94.2055
63423,MO,38.6518,-90.805
63443,MO,39.8371,-94.7879
63463,MO,38.6742,-90.436
63484,MO,36.9281,-94.7536
63504,MO,36.4185,-93.201
63524,MO,37.1489,-89.717
63544,MO,39.593,-91.2509
63564,MO,38.6903,-92.3071
63584,MO,38.925,-94.5818
63604,MO,38.548,-90.2936
63624,MO,37.3587,-93.0433
63645,MO,38.9335,-92.1884
63665,MO,39.0062,-94.2437
63685,MO,39.1366,-94.6042
63705,MO,38.9484,-90.9141
63725,MO,39.7538,-95.0007
63745,MO,38.9589,-90.3388
63765,MO,37.2483,-94.7023
63785,MO,36.7778,-93.344
63806,MO,37.4415,-89.5466
63826,MO,39.8272,-91.5917
63846,MO,38.5571,-92.038
63866,MO,39.1103,-94.3375
63886,MO,38.6134,-90.1087
63906,MO,37.1151,-93.3808
63926,MO,39.0163,-92.563
63946,MO,39.3098,-94.405
63967,MO,38.7875,-94.3129
63987,MO,38.66,-90.506
64007,MO,39.9505,-94.9879
64027,MO,38.5946,-90.4309
64047,MO,36.9965,-94.6796
64067,MO,36.5318,-93.4087
64087,MO,37.4505,-89.7636
64107,MO,39.4794,-91.2168
64128,MO,38.5643,-92.1254
64148,MO,39.0354,-94.7839
64168,MO,38.4558,-90.4037
64188,MO,37.2683,-93.0769
64208,MO,39.2002,-92.2715
64228,MO,38.871,-94.3432
64248,MO,39.0115,-94.2365
64268,MO,38.6235,-90.8335
64289,MO,40.0095,-94.7025
64309,MO,38.9164,-90.3446
64329,MO,37.0536,-94.6668
64349,MO,36.7383,-93.2894
64369,MO,37.1233,-89.3188
64389,MO,39.7011,-91.3897
64409,MO,38.4741,-92.075
64429,MO,38.9446,-94.7353
64450,MO,38.5508,-90.0832
64470,MO,37.0967,-93.1266
64490,MO,39.1589,-92.3068
64510,MO,38.8755,-94.588
64530,MO,38.8086,-94.5005
64550,MO,38.7442,-90.9494
64570,MO,39.8377,-94.9073
64590,MO,38.6309,-90.738
64611,MO,37.2626,-94.3753
64631,MO,36.5131,-93.108
64651,MO,37.385,-89.4986
64671,MO,39.6521,-91.3465
64691,MO,38.5755,-92.1478
64711,MO,39.1562,-94.6673
64731,MO,38.6975,-90.3942
64751,MO,37.2206,-93.509
64772,MO,39.1193,-92.5192
64792,MO,39.2778,-94.5645
64812,MO,38.9035,-94.5828
64832,MO,38.8461,-90.5317
64852,MO,39.8477,-94.8339
64872,MO,38.8888,-90.6194
64892,MO,37.0174,-94.4603
64912,MO,36.4291,-93.0034
64933,MO,37.1603,-89.5224
64953,MO,39.9033,-91.5685
64973,MO,38.7272,-92.3931
64993,MO,39.1287,-94.3595
65013,MO,38.585,-90.2649
65033,MO,37.3132,-93.1305
65053,MO,38.8346,-92.5638
65073,MO,38.8763,-94.5135
65094,MO,39.1331,-94.1519
65114,MO,38.6092,-90.5872
65134,MO,39.7845,-95.0021
65154,MO,38.8012,-90.623
65174,MO,37.1469,-94.6739
65194,MO,36.7683,-93.2609
65214,MO,37.1087,-89.4488
65234,MO,39.6374,-91.3791
65255,MO,38.6593,-91.9821
65275,MO,38.9331,-94.7384
65295,MO,38.5778,-90.2806
65315,MO,37.0381,-93.0431
65335,MO,38.9232,-92.4079
65355,MO,38.9987,-94.1698
65375,MO,38.8231,-94.4463
65395,MO,38.9427,-90.7345
65416,MO,39.8816,-94.7926
65436,MO,38.8197,-90.6404
65456,MO,37.2171,-94.3002
65476,MO,36.5207,-92.9877
65496,MO,37.2796,-89.5696
65516,MO,39.8216,-91.117
65536,MO,38.6246,-92.1647
65556,MO,39.3464,-94.6777
65577,MO,38.5272,-90.3385
65597,MO,37.3869,-93.5314
65617,MO,39.1127,-92.2392
65637,MO,38.9791,-94.3887
65657,MO,38.939,-94.1692
65677,MO,38.638,-90.9309
65697,MO,39.6965,-95.0276
65717,MO,38.7216,-90.4563
65738,MO,36.9507,-94.3578
65758,MO,36.4397,-93.2686
65778,MO,37.5148,-89.401
65798,MO,39.8202,-91.212
65818,MO,38.4132,-92.0106
65838,MO,39.1945,-94.5405
65858,MO,38.8308,-90.1518
65878,MO,37.1092,-93.1769
66002,KS,39.2926,-95.9097
66022,KS,37.6394,-97.354
66042,KS,39.1062,-94.7959
66062,KS,39.0951,-94.4756
66082,KS,38.7013,-95.0631
66102,KS,39.1369,-94.994
66122,KS,38.8571,-94.5584
66142,KS,39.1197,-96.5066
66162,KS,39.0259,-94.6925
66183,KS,38.7197,-97.455
66203,KS,37.8217,-98.1476
66223,KS,38.1729,-100.901
66243,KS,37.5672,-99.8146
66263,KS,37.2078,-101.0051
66283,KS,38.8186,-95.6947
66303,KS,37.5212,-97.2932
66323,KS,39.143,-94.7233
66344,KS,38.8788,-94.5359
66364,KS,38.7178,-94.9617
66384,KS,38.8153,-95.3454
66404,KS,39.2334,-94.9529
66424,KS,39.2432,-96.6988
66444,KS,38.8512,-94.7777
66464,KS,38.8656,-97.8309
66484,KS,37.9507,-98.1112
66505,KS,37.8214,-100.6804
66525,KS,37.7657,-99.9517
66545,KS,37.1942,-100.7735
66565,KS,39.292,-95.5342
66585,KS,37.6168,-97.3078
66605,KS,38.9745,-94.4645
66625,KS,39.1153,-94.6833
66645,KS,38.7213,-94.9097
66666,KS,38.8312,-95.0374
66686,KS,39.181,-94.9409
66706,KS,39.4294,-96.557
66726,KS,39.087,-94.4839
66746,KS,39.0773,-97.8113
66766,KS,38.1392,-98.0465
66786,KS,38.1298,-100.6641
66806,KS,37.5308,-99.7689
66827,KS,36.9028,-100.7476
66847,KS,39.196,-95.7478
66867,KS,37.8568,-97.1575
66887,KS,38.8203,-94.6245
66907,KS,39.2672,-94.5287
66927,KS,39.0884,-95.055
66947,KS,39.072,-95.0115
66967,KS,39.0735,-94.6886
66988,KS,39.0277,-96.3277
67008,KS,39.1444,-94.7376
67028,KS,38.7448,-97.6162
67048,KS,37.8559,-98.0635
67068,KS,37.8311,-100.8595
67088,KS,37.5031,-99.8082
67108,KS,36.8938,-101.1057
67128,KS,39.1558,-95.4658
67149,KS,37.8593,-97.4183
67169,KS,38.7432,-94.6275
67189,KS,39.3227,-94.4903
67209,KS,39.0546,-94.6388
67229,KS,39.202,-95.2985
67249,KS,39.2627,-94.7724
67269,KS,38.9841,-96.6708
67289,KS,38.7718,-94.9049
67310,KS,39.0646,-97.4655
67330,KS,38.2911,-97.8552
67350,KS,37.8088,-100.6383
67370,KS,37.8496,-99.8027
67390,KS,37.1866,-101.0593
67410,KS,39.0918,-95.8375
67430,KS,37.5906,-97.2359
67450,KS,38.7959,-94.5564
67471,KS,39.3385,-94.4032
67491,KS,38.8272,-94.572
67511,KS,39.2043,-95.4691
67531,KS,39.0929,-94.5097
67551,KS,39.4174,-96.7113
67571,KS,38.9864,-94.5154
67591,KS,38.6606,-97.4887
67611,KS,37.9298,-97.6886
67632,KS,37.8056,-100.68
67652,KS,37.5472,-99.9126
67672,KS,37.1127,-100.7276
67692,KS,39.0206,-95.7926
67712,KS,37.562,-97.5462
67732,KS,38.8605,-94.8668
67752,KS,38.8647,-94.6845
67772,KS,38.9977,-94.5845
67793,KS,39.164,-95.2388
67813,KS,38.9811,-94.6972
67833,KS,38.9843,-96.582
67853,KS,39.1356,-94.6582
67873,KS,38.9339,-97.7801
67893,KS,37.8477,-97.7569
67913,KS,37.8692,-100.9633
67933,KS,37.9786,-100.23
68001,NE,40.58,-96.7409
68021,NE,41.1422,-95.7585
68041,NE,41.2345,-95.7087
68061,NE,40.6859,-98.1583
68081,NE,40.774,-99.2176
68101,NE,41.3737,-96.2598
68121,NE,40.386,-98.4846
68141,NE,41.3073,-100.7496
68161,NE,41.8718,-97.4167
68181,NE,41.4088,-97.1552
68201,NE,41.6273,-103.7935
68221,NE,41.1691,-96.1254
68242,NE,42.0481,-103.0433
68262,NE,40.1248,-100.6994
68282,NE,40.8884,-96.8171
68302,NE,41.4956,-95.9339
68322,NE,41.3103,-95.8279
68342,NE,41.1157,-98.1468
68362,NE,40.8567,-99.3185
68382,NE,41.4608,-96.608
68402,NE,40.4121,-98.1937
68422,NE,41.2024,-100.9715
68442,NE,41.9697,-97.1867
68463,NE,41.486,-97.3056
68483,NE,41.7303,-103.797
68503,NE,40.9808,-95.8069
68523,NE,42.3063,-102.9572
68543,NE,40.2225,-100.772
68563,NE,40.6451,-96.6645
68583,NE,41.4066,-95.7532
68603,NE,41.0589,-95.7882
68623,NE,40.9383,-98.5244
68643,NE,40.9471,-98.8453
68663,NE,41.2559,-96.2816
68684,NE,40.7948,-98.4836
68704,NE,41.1526,-100.5411
68724,NE,41.8378,-97.5082
68744,NE,41.6196,-97.2549
68764,NE,41.9993,-103.4771
68784,NE,41.1114,-96.0866
68804,NE,42.0729,-102.6549
68824,NE,40.3985,-100.4088
68844,NE,40.7127,-96.5456
68864,NE,41.0599,-96.0921
68884,NE,41.2856,-95.8348
68904,NE,40.8098,-98.3085
68925,NE,40.5648,-99.2171
68945,NE,41.527,-96.5685
68965,NE,40.6803,-98.404
68985,NE,41.1251,-100.713
69005,NE,42.1346,-97.48
69025,NE,41.6059,-97.3727
69045,NE,41.6854,-103.8206
69065,NE,40.9205,-95.9099
69085,NE,41.8589,-102.9869
69105,NE,40.1579,-100.5042
69125,NE,41.0699,-96.5563
69146,NE,41.0396,-95.7209
69166,NE,41.3972,-95.7072
69186,NE,40.9214,-98.4296
69206,NE,40.6781,-99.2098
69226,NE,41.3857,-96.7272
69246,NE,40.7039,-98.4521
69266,NE,41.0303,-100.7096
69286,NE,42.1498,-97.3701
69306,NE,41.4424,-97.1805
69326,NE,42.0101,-103.6569
69346,NE,41.1302,-95.8787
70001,LA,30.4368,-91.0039
70021,LA,29.9929,-89.8493
70041,LA,32.3108,-93.5555
70061,LA,30.2243,-91.8361
70081,LA,30.1674,-93.3182
70102,LA,29.7711,-90.0646
70122,LA,32.3347,-93.882
70142,LA,32.4639,-92.0846
70162,LA,31.5146,-92.4663
70182,LA,29.504,-90.6117
70203,LA,30.143,-91.825
70223,LA,30.3407,-89.9428
70243,LA,31.8279,-93.3339
70263,LA,32.41,-92.5073
70284,LA,30.2858,-91.0549
70304,LA,29.9459,-89.9397
70324,LA,32.3192,-93.693
70344,LA,30.2908,-92.0681
70364,LA,30.4593,-93.2757
70385,LA,29.763,-90.392
70405,LA,32.4526,-93.9751
70425,LA,32.4204,-91.9527
70445,LA,31.1566,-92.3567
70465,LA,29.6591,-90.8451
70486,LA,30.1003,-91.8966
70506,LA,30.0897,-89.8394
70526,LA,31.805,-93.2528
70546,LA,32.6851,-92.7388
70567,LA,30.3469,-91.0732
70587,LA,29.9993,-90.1526
70607,LA,32.7192,-93.5025
70627,LA,30.1455,-91.8191
70647,LA,30.1562,-93.3732
70668,LA,30.2181,-90.0326
70688,LA,32.4677,-93.8679
70708,LA,32.6229,-92.3037
70728,LA,31.4283,-92.4003
70749,LA,29.4303,-90.7862
70769,LA,30.0788,-92.0501
70789,LA,30.4635,-89.9033
70809,LA,31.7781,-93.312
70829,LA,32.7705,-92.5569
70850,LA,30.5283,-91.4272
70870,LA,30.046,-90.1131
70890,LA,32.4653,-93.7266
70910,LA,30.2113,-92.1932
70930,LA,30.3242,-93.1522
70951,LA,29.8947,-90.1609
70971,LA,32.5972,-93.8471
70991,LA,32.5621,-92.3007
71011,LA,31.4766,-92.6426
71032,LA,29.7052,-90.9106
71052,LA,29.8105,-92.0157
71072,LA,30.1245,-89.9313
71092,LA,31.6422,-93.0747
71112,LA,32.374,-92.5362
71133,LA,30.3492,-91.4174
71153,LA,29.9493,-90.2177
71173,LA,32.7418,-93.8349
71193,LA,29.9755,-91.934
71213,LA,30.43,-93.0498
71234,LA,30.0786,-90.4171
71254,LA,32.311,-93.7262
71274,LA,32.6211,-92.3187
71294,LA,31.1892,-92.5795
71315,LA,29.8401,-90.8215
71335,LA,29.9856,-92.0189
71355,LA,30.1126,-90.0115
71375,LA,31.656,-92.9355
71395,LA,32.4296,-92.5186
71416,LA,30.249,-91.058
71436,LA,29.724,-89.8955
71456,LA,32.6069,-93.9149
71476,LA,30.1529,-92.0509
71601,AR,34.8561,-92.2872
71621,AR,35.5512,-94.3746
71641,AR,36.2808,-94.0501
71661,AR,36.174,-94.2492
71682,AR,35.7159,-90.6355
71702,AR,36.4649,-94.1079
71722,AR,35.1521,-92.5548
71742,AR,34.5582,-92.3742
71763,AR,34.1143,-92.0933
71783,AR,34.5238,-93.236
71803,AR,36.2385,-94.1118
71823,AR,33.545,-94.2556
71844,AR,35.2322,-93.1125
71864,AR,36.0163,-90.6598
71884,AR,34.7066,-92.0872
71905,AR,35.4279,-94.3007
71925,AR,36.2606,-94.0391
71945,AR,36.1269,-94.3759
71965,AR,35.7682,-90.5776
71986,AR,36.5087,-93.8918
72006,AR,35.0482,-92.3183
72026,AR,34.7926,-92.2155
72046,AR,34.0887,-92.1435
72067,AR,34.4716,-93.2907
72087,AR,36.291,-94.1192
72107,AR,33.394,-94.2052
72127,AR,35.2621,-93.32
72148,AR,36.1195,-90.7497
72168,AR,34.6935,-92.2574
72188,AR,35.1495,-94.3271
72209,AR,35.9,-94.1911
72229,AR,35.9618,-94.1892
72249,AR,35.6981,-90.7909
72269,AR,36.4626,-94.1789
72290,AR,35.2147,-92.2761
72310,AR,34.6456,-92.4761
72330,AR,33.9881,-91.9835
72350,AR,34.7537,-93.1302
72371,AR,36.448,-94.0682
72391,AR,33.5177,-93.9106
72411,AR,35.5032,-93.2841
72432,AR,35.8186,-90.687
72452,AR,34.5596,-92.2049
72472,AR,35.4179,-94.5395
72492,AR,36.1819,-94.0385
72513,AR,36.0206,-94.0752
72533,AR,35.9663,-90.897
72553,AR,36.4917,-93.8861
72573,AR,34.8927,-92.6793
72594,AR,34.6755,-92.1784
72614,AR,34.4575,-92.0549
72634,AR,34.6112,-93.2672
72654,AR,36.4682,-94.1452
72675,AR,33.2428,-93.9015
72695,AR,35.4535,-93.0836
72715,AR,35.8689,-90.2713
72736,AR,34.8878,-92.366
72756,AR,35.3501,-94.4632
72776,AR,36.0852,-94.2513
72796,AR,36.3615,-93.9676
72817,AR,35.6451,-90.4739
72837,AR,36.3998,-93.9541
72857,AR,35.1924,-92.4744
72877,AR,34.8864,-92.0344
72898,AR,34.1134,-91.8491
72918,AR,34.5228,-93.0635
72938,AR,36.3407,-94.0933
73001,OK,35.3685,-97.3643
73021,OK,36.1205,-95.9728
73041,OK,35.0726,-97.4883
73061,OK,36.1151,-95.8142
73081,OK,34.7353,-98.5556
73101,OK,35.4121,-97.3764
73121,OK,35.5209,-97.4483
73141,OK,35.306,-97.1656
73161,OK,36.5166,-97.8948
73181,OK,36.3342,-97.042
73201,OK,35.8051,-95.2351
73221,OK,36.7141,-95.9477
73241,OK,36.7704,-97.0745
73261,OK,34.1064,-97.3047
73281,OK,35.2928,-97.4237
73301,OK,36.0541,-96.0251
73301,TX,30.356,-97.7135
73321,OK,35.1319,-97.2744
73341,OK,35.8348,-95.939
73345,TX,29.6579,-95.4291
73361,OK,34.5598,-98.234
73381,OK,35.7258,-97.5999
73390,TX,29.222,-98.3676
73402,OK,35.3901,-97.5338
73422,OK,35.2563,-97.5507
73434,TX,32.6433,-96.7472
73442,OK,36.2683,-97.7148
73462,OK,36.0977,-97.0285
73479,TX,32.8354,-97.5755
73482,OK,35.716,-95.2962
73502,OK,36.5157,-96.1511
73522,OK,36.5252,-97.2064
73524,TX,31.7039,-106.3374
73542,OK,34.3261,-97.0493
73562,OK,35.3056,-97.3401
73568,TX,32.9257,-97.0485
73582,OK,36.3859,-95.9999
73602,OK,34.9826,-97.2597
73613,TX,27.7204,-97.1776
73622,OK,35.8446,-95.74
73642,OK,34.7872,-98.1956
73658,TX,33.1613,-96.7219
73662,OK,35.6063,-97.5464
73682,OK,35.4182,-97.6915
73702,OK,35.6711,-97.2846
73702,TX,27.4177,-99.6614
73722,OK,36.2158,-98.0724
73742,OK,36.2328,-96.8419
73747,TX,33.3792,-101.8076
73762,OK,35.7589,-95.2052
73782,OK,36.972,-95.765
73792,TX,32.6964,-96.4942
73803,OK,36.5829,-96.8933
73823,OK,34.0433,-97.3175
73836,TX,32.6608,-96.9123
73843,OK,35.6209,-97.6018
73863,OK,36.1962,-96.0478
73881,TX,35.2907,-101.9532
73883,OK,35.3468,-97.5715
73903,OK,36.014,-95.9687
73923,OK,34.4412,-98.1609
73926,TX,32.7065,-96.8855
73943,OK,35.6225,-97.6009
73963,OK,35.3842,-97.4915
73970,TX,33.1695,-96.7681
73983,OK,35.3869,-97.1723
74003,OK,36.3037,-97.9165
74015,TX,33.2992,-97.0434
74023,OK,36.207,-96.8267
74043,OK,35.9376,-95.1512
74060,TX,25.8075,-97.5296
74063,OK,36.6787,-95.873
74083,OK,36.8677,-97.3251
74103,OK,34.4077,-97.0757
74104,TX,26.4333,-98.1028
74123,OK,35.6383,-97.4353
74143,OK,36.3744,-95.8975
74149,TX,31.9029,-101.8853
74163,OK,35.367,-97.5697
74184,OK,36.079,-95.8862
74194,TX,31.9834,-102.5439
74204,OK,34.8328,-98.4645
74224,OK,35.8089,-97.6671
74238,TX,31.4536,-97.2252
74244,OK,35.523,-97.3079
74264,OK,35.3937,-97.1918
74283,TX,32.2857,-95.5471
74284,OK,36.342,-97.6394
74304,OK,35.9934,-97.2633
74324,OK,35.9093,-95.502
74328,TX,32.4919,-99.6439
74344,OK,36.6024,-95.7857
74364,OK,36.9149,-97.0199
74372,TX,29.8589,-94.123
74384,OK,34.364,-96.9952
74404,OK,35.4207,-97.7495
74417,TX,34.0813,-98.314
74424,OK,36.3372,-95.8312
74444,OK,35.4428,-97.454
74461,TX,30.2282,-97.8954
74464,OK,36.0091,-95.6202
74484,OK,34.7123,-98.2075
74504,OK,35.8129,-97.3159
74506,TX,29.6106,-95.1655
74524,OK,35.4387,-97.4835
74544,OK,35.3754,-97.3456
74551,TX,29.5667,-98.5728
74564,OK,36.5522,-97.7595
74585,OK,36.0922,-97.2947
74595,TX,32.8606,-96.6996
74605,OK,35.5239,-95.2989
74625,OK,36.8123,-95.8353
74640,TX,32.9965,-97.2809
74645,OK,36.525,-97.1353
74665,OK,34.2384,-97.2217
74685,OK,35.2587,-97.6875
74685,TX,31.6775,-106.4458
74705,OK,36.1622,-95.758
74725,OK,35.3879,-97.3079
74729,TX,32.9672,-97.05
74745,OK,36.2261,-95.6979
74765,OK,34.7499,-98.4862
74774,TX,27.7599,-97.5653
74785,OK,35.642,-97.3605
74805,OK,35.2198,-97.393
74819,TX,32.997,-96.5543
74825,OK,35.6129,-97.2469
74845,OK,36.2448,-97.9212
74863,TX,27.2747,-99.6479
74865,OK,35.9565,-96.8702
74885,OK,35.9703,-95.1775
74905,OK,36.6094,-95.7567
74908,TX,33.3297,-101.9937
74925,OK,36.9186,-97.012
74945,OK,34.2376,-96.9252
74953,TX,32.7777,-96.5769
74997,TX,32.6835,-96.8316
75042,TX,35.4483,-101.9155
75087,TX,32.866,-97.1451
75131,TX,33.0393,-96.3948
75176,TX,33.0821,-97.0367
75221,TX,25.6667,-97.6899
75265,TX,26.0987,-98.3828
75310,TX,32.0401,-101.9451
75355,TX,31.6177,-102.6028
75399,TX,31.3982,-97.3096
75444,TX,32.544,-95.1917
75489,TX,32.3686,-99.7058
75533,TX,29.9195,-94.3659
75578,TX,34.0851,-98.2881
75622,TX,30.0277,-97.6544
75667,TX,29.6999,-95.2261
75712,TX,29.2296,-98.2755
75756,TX,32.6792,-96.9269
75801,TX,32.9102,-97.2503
75846,TX,31.9825,-106.2464
75890,TX,32.9845,-96.9173
75935,TX,27.9898,-97.6137
75980,TX,32.842,-96.4868
76024,TX,27.651,-99.6618
76069,TX,33.517,-101.9181
76114,TX,32.9624,-96.4004
76158,TX,32.6863,-97.1758
76203,TX,35.28,-101.9867
76248,TX,32.7637,-96.853
76292,TX,33.111,-96.8631
76337,TX,33.2985,-96.6372
76382,TX,26.0775,-97.2633
76426,TX,26.3963,-98.3754
76471,TX,31.788,-102.0926
76516,TX,31.9275,-102.5852
76560,TX,31.5536,-97.021
76605,TX,32.4238,-95.2965
76650,TX,32.448,-99.751
76694,TX,29.9911,-94.1897
76739,TX,34.011,-98.3856
76783,TX,30.2646,-97.8589
76828,TX,29.7109,-95.1592
76873,TX,29.4661,-98.7253
76917,TX,32.6365,-96.9455
76962,TX,32.9371,-97.3829
77007,TX,31.6649,-106.2906
77051,TX,32.7714,-96.8904
77096,TX,27.7377,-97.3711
77141,TX,32.837,-96.9069
77185,TX,27.4759,-99.5818
77230,TX,33.6199,-101.8726
77275,TX,32.9732,-96.6758
77319,TX,32.7978,-96.9944
77364,TX,35.3743,-101.9228
77409,TX,32.6872,-97.158
77453,TX,33.0641,-96.567
77498,TX,33.0802,-97.0324
77543,TX,26.073,-97.4911
77587,TX,26.2752,-98.0871
77632,TX,32.2106,-102.2787
77677,TX,31.6314,-102.5985
77721,TX,31.3995,-97.2984
77766,TX,32.2659,-95.3997
77810,TX,32.6065,-99.6413
77855,TX,29.9674,-94.0238
77900,TX,34.1627,-98.2442
77944,TX,30.3934,-97.6232
77989,TX,29.9666,-95.6155
78034,TX,29.3238,-98.3324
78078,TX,32.9183,-96.8451
78123,TX,32.7084,-97.2908
78168,TX,31.8396,-106.499
78212,TX,32.742,-96.9775
78257,TX,27.6252,-97.4476
78302,TX,32.8833,-96.5743
78346,TX,27.4908,-99.4997
78391,TX,33.7209,-101.7264
78436,TX,33.0239,-96.6582
78480,TX,32.96,-97.0424
78525,TX,35.0659,-101.6962
78570,TX,32.845,-97.143
78614,TX,33.1722,-96.6105
78659,TX,33.0881,-96.7848
78704,TX,25.7159,-97.2758
78748,TX,25.9582,-98.0748
78793,TX,32.1644,-102.158
78838,TX,31.8053,-102.2747
78882,TX,31.501,-97.0074
78927,TX,32.3701,-95.3881
78971,TX,32.2103,-99.5904
79016,TX,30.2913,-94.2998
79061,TX,34.14,-98.5783
79105,TX,30.3321,-97.6916
79150,TX,29.8143,-95.1863
79195,TX,29.6642,-98.6415
79239,TX,32.722,-96.7798
79284,TX,32.5997,-97.5265
79329,TX,31.7967,-106.5092
79373,TX,32.9331,-97.3115
79418,TX,27.6028,-97.3699
79463,TX,32.7858,-96.6044
79507,TX,27.4979,-99.6643
79552,TX,33.3626,-101.6237
79597,TX,32.8045,-96.7724
79641,TX,32.8938,-97.1639
79686,TX,35.0007,-101.822
79731,TX,32.5819,-96.8179
79775,TX,33.1526,-96.8112
79820,TX,32.9561,-96.8054
79865,TX,25.8908,-97.7131
79909,TX,26.4309,-98.0472
79954,TX,31.8123,-102.2251
80001,CO,39.6162,-105.1126
80021,CO,38.5886,-104.6691
80041,CO,39.93,-104.7431
80061,CO,40.4143,-105.1135
80081,CO,39.6275,-105.0376
80102,CO,39.9375,-105.0097
80122,CO,39.6778,-104.9148
80142,CO,39.6863,-105.0949
80162,CO,38.246,-104.7405
80182,CO,40.4593,-104.6717
80203,CO,40.2613,-105.3729
80223,CO,39.3029,-108.4715
80243,CO,37.1625,-107.8471
80263,CO,40.5779,-106.7094
80283,CO,39.5137,-104.9371
80304,CO,38.8323,-104.6193
80324,CO,39.6225,-104.6825
80344,CO,40.6388,-105.1582
80364,CO,39.773,-105.021
80384,CO,39.9569,-104.8614
80405,CO,39.8824,-104.9183
80425,CO,39.9008,-104.8355
80445,CO,38.3276,-104.7046
80465,CO,40.3937,-104.6693
80485,CO,40.1312,-105.4754
80506,CO,38.9615,-108.4269
80526,CO,37.1131,-108.064
80546,CO,40.5047,-106.596
80566,CO,39.7546,-104.7836
80587,CO,38.9991,-104.9429
80607,CO,39.8917,-104.841
80627,CO,40.7385,-104.9611
80647,CO,39.6241,-105.2738
80667,CO,40.0994,-105.1515
80688,CO,40.0361,-104.9074
80708,CO,39.9488,-104.7972
80728,CO,38.488,-104.4568
80748,CO,40.3562,-104.5638
80768,CO,39.772,-105.2522
80789,CO,39.0413,-108.4642
80809,CO,37.3615,-107.8378
80829,CO,40.6462,-106.6116
80849,CO,39.5434,-105.1234
80869,CO,38.5964,-104.6293
80890,CO,39.7601,-104.6243
80910,CO,40.446,-105.3028
80930,CO,39.8666,-104.8767
80950,CO,39.7691,-105.0178
80970,CO,39.6227,-104.8644
80991,CO,39.7389,-105.0409
81011,CO,38.053,-104.4155
81031,CO,40.2411,-104.7323
81051,CO,40.1002,-105.1489
81071,CO,39.2869,-108.591
81092,CO,37.3964,-108.0528
81112,CO,40.4424,-107.0322
81132,CO,39.7339,-105.0362
81152,CO,39.0597,-105.055
81173,CO,39.6647,-104.8602
81193,CO,40.8106,-104.9067
81213,CO,39.5044,-104.9886
81233,CO,39.8902,-104.733
81253,CO,39.7321,-105.1384
81274,CO,39.6816,-105.2261
81294,CO,38.4284,-104.6317
81314,CO,40.5047,-104.6382
81334,CO,40.0636,-105.5098
81354,CO,39.2073,-108.6788
81375,CO,37.0883,-107.8478
81395,CO,40.2693,-106.6991
81415,CO,39.5928,-105.1323
81435,CO,39.0187,-104.9071
81455,CO,39.5532,-104.6316
81476,CO,40.3367,-104.9052
81496,CO,39.527,-105.2664
81516,CO,39.7433,-105.1347
81536,CO,39.8833,-105.3246
81556,CO,39.5941,-104.8922
81577,CO,38.1234,-104.6972
81597,CO,40.2604,-104.9329
81617,CO,40.1359,-105.2575
81637,CO,39.1867,-108.5625
82001,WY,41.1573,-105.0695
82021,WY,42.7738,-106.2726
82041,WY,41.246,-105.7995
82061,WY,44.3938,-105.4776
82081,WY,41.6985,-109.2487
82101,WY,44.8529,-107.0439
82122,WY,41.3072,-109.308
82142,WY,41.4303,-111.1036
82162,WY,43.0892,-108.5417
82182,WY,44.7621,-109.0378
82202,WY,43.7193,-110.6233
82223,WY,42.9733,-108.9275
82243,WY,43.769,-108.2711
82263,WY,44.8307,-108.5724
82283,WY,41.2072,-104.7948
82303,WY,43.0085,-106.4649
82323,WY,41.1958,-105.5503
82344,WY,44.445,-105.3758
82364,WY,41.4153,-109.337
82384,WY,44.9103,-107.0219
82404,WY,41.7297,-109.6692
82424,WY,41.1091,-111.1207
82445,WY,43.0378,-108.5357
82465,WY,44.5216,-108.9418
82485,WY,43.5537,-111.0019
82505,WY,42.6645,-108.8918
82525,WY,43.5932,-108.1582
82546,WY,44.5385,-108.9714
82566,WY,41.0126,-104.6156
82586,WY,43.0853,-106.5251
82606,WY,41.3248,-105.4777
82626,WY,44.4451,-105.4506
82646,WY,41.5264,-109.4425
82667,WY,44.9605,-106.8245
82687,WY,41.6008,-109.6941
82707,WY,41.1425,-111.1714
82727,WY,42.6779,-108.3164
82747,WY,44.283,-108.8233
82768,WY,43.7087,-110.9592
82788,WY,42.9511,-108.8115
82808,WY,43.7498,-108.3609
82828,WY,44.744,-108.726
82848,WY,41.1122,-104.9886
82868,WY,42.766,-106.4979
82889,WY,41.0893,-105.4951
82909,WY,44.3548,-105.6907
82929,WY,41.75,-109.4015
82949,WY,44.6956,-106.9504
82969,WY,41.6968,-109.6451
82990,WY,41.4744,-111.2012
83010,WY,42.8202,-108.5564
83030,WY,44.604,-109.1936
83050,WY,43.6694,-110.82
83070,WY,43.0251,-108.5693
83091,WY,43.4523,-108.3773
83111,WY,44.5589,-108.9565
83131,WY,41.3679,-104.8915
83151,WY,42.9079,-106.516
83171,WY,41.5231,-105.3812
83191,WY,44.4889,-105.4499
83201,ID,43.5694,-116.0678
83212,WY,41.4265,-109.1877
83214,ID,43.745,-116.1523
83228,ID,43.6136,-116.6033
83232,WY,44.847,-106.8665
83241,ID,43.7381,-112.0927
83252,WY,41.3537,-109.3824
83255,ID,43.0561,-112.2421
83268,ID,43.6007,-116.596
83272,WY,41.1691,-110.8044
83282,ID,47.7586,-116.7608
83292,WY,42.7808,-108.5781
83295,ID,42.6326,-114.5462
83309,ID,46.2557,-116.9991
83313,WY,44.7344,-108.9756
83322,ID,46.7468,-116.8863
83333,WY,43.6963,-110.607
83336,ID,43.6873,-112.0377
83349,ID,43.4569,-116.4537
83353,WY,42.9387,-108.9425
83363,ID,48.3633,-116.5311
83373,WY,43.3972,-107.9956
83376,ID,43.7131,-114.1897
83390,ID,43.4888,-116.2792
83393,WY,44.5781,-108.6795
83403,ID,43.4999,-116.1728
83417,ID,43.6532,-116.7571
83430,ID,43.6464,-112.0743
83444,ID,43.0043,-112.2536
83457,ID,43.4207,-116.8344
83471,ID,47.4781,-117.0137
83484,ID,42.6047,-114.3685
83498,ID,46.1908,-116.8974
83511,ID,46.6835,-117.133
83525,ID,43.6846,-111.6075
83539,ID,43.4737,-116.351
83552,ID,48.1712,-116.3954
83566,ID,43.8129,-114.4419
83579,ID,43.664,-116.116
83593,ID,43.5224,-116.4906
83606,ID,43.3623,-116.4834
83620,ID,43.3522,-112.1336
83633,ID,42.6518,-112.2212
83647,ID,43.8528,-116.4816
83660,ID,47.7407,-116.8169
83674,ID,42.5536,-114.234
83687,ID,46.6373,-116.932
83701,ID,46.8753,-117.0908
83714,ID,43.7842,-111.9648
83728,ID,43.6337,-116.2257
83741,ID,48.2634,-116.3786
83755,ID,43.5975,-114.2476
83768,ID,43.7679,-115.9949
83782,ID,43.6433,-116.1576
83795,ID,43.5693,-116.7465
83809,ID,43.3631,-112.1822
83822,ID,42.9447,-112.2344
83836,ID,43.8365,-116.8912
83849,ID,47.79,-116.9353
83863,ID,42.44,-114.3833
84001,UT,40.7269,-111.7862
84016,UT,40.679,-111.9492
84032,UT,40.4534,-111.6148
84048,UT,40.6109,-111.8467
84064,UT,40.1846,-111.9409
84080,UT,40.3862,-112.077
84095,UT,41.1726,-111.82
84111,UT,37.1094,-113.3632
84127,UT,41.2498,-111.991
84143,UT,41.7751,-111.7152
84159,UT,40.5401,-111.3075
84174,UT,37.6557,-112.9617
84190,UT,38.6791,-109.6511
84206,UT,40.512,-109.3737
84222,UT,40.5984,-112.0164
84238,UT,40.8916,-111.8845
84253,UT,40.2127,-111.4531
84269,UT,40.4514,-111.9048
84285,UT,40.2437,-111.4718
84301,UT,40.4347,-111.6737
84317,UT,41.1099,-111.9098
84332,UT,36.9924,-113.3603
84348,UT,41.1592,-111.8599
84364,UT,41.5956,-111.8371
84380,UT,40.8923,-111.4716
84396,UT,37.9252,-113.2736
84411,UT,38.3759,-109.4165
84427,UT,40.3685,-109.5532
84443,UT,40.6372,-111.888
84459,UT,40.6727,-112.2145
84475,UT,40.331,-111.5336
84490,UT,40.5503,-111.8161
84506,UT,40.4748,-111.7463
84522,UT,40.3203,-112.0517
84538,UT,41.4316,-112.0602
84554,UT,37.2208,-113.576
84569,UT,40.8443,-111.9469
84585,UT,41.6081,-111.6088
84601,UT,40.4662,-111.3378
84617,UT,37.8483,-113.2266
84633,UT,38.3323,-109.7495
84648,UT,40.3526,-109.5114
84664,UT,40.7062,-112.1022
84680,UT,40.8234,-111.9124
84696,UT,40.0605,-111.7295
84712,UT,40.468,-112.1719
84727,UT,40.3844,-111.8365
84743,UT,40.6633,-111.6907
84759,UT,41.3788,-111.9033
84775,UT,37.2047,-113.3699
85001,AZ,33.517,-112.193
85021,AZ,32.3432,-110.9489
85041,AZ,33.379,-112.0767
85061,AZ,33.0938,-111.6497
85081,AZ,33.6962,-111.9033
85101,AZ,33.706,-112.1447
85122,AZ,33.1768,-111.9753
85142,AZ,33.3296,-111.7405
85162,AZ,33.7287,-112.057
85182,AZ,33.8287,-112.513
85202,AZ,32.5675,-114.8263
85223,AZ,35.3384,-111.4592
85243,AZ,33.3885,-112.2984
85263,AZ,34.3112,-114.1076
85283,AZ,34.7223,-112.2304
85303,AZ,31.7009,-110.1128
85324,AZ,33.2108,-111.9557
85344,AZ,32.1387,-110.7593
85364,AZ,33.5663,-111.6495
85384,AZ,33.4616,-111.9579
85404,AZ,33.6379,-112.1221
85425,AZ,33.7248,-112.0067
85445,AZ,33.214,-111.6307
85465,AZ,33.4057,-112.0374
85485,AZ,33.7283,-112.3736
85505,AZ,33.391,-112.5214
85526,AZ,32.6068,-114.4455
85546,AZ,35.4317,-111.7617
85566,AZ,33.506,-112.4089
85586,AZ,34.7245,-114.3044
85606,AZ,34.7596,-112.6608
85627,AZ,31.7807,-110.4642
85647,AZ,33.6797,-112.1913
85667,AZ,32.0268,-111.0074
85687,AZ,33.5295,-111.9247
85707,AZ,33.3593,-111.8356
85728,AZ,33.4368,-111.8878
85748,AZ,33.4161,-112.0816
85768,AZ,33.1036,-111.5762
85788,AZ,33.4447,-111.8303
85808,AZ,33.7016,-112.1521
85828,AZ,33.5613,-112.583
85849,AZ,32.7748,-114.7126
85869,AZ,35.1053,-111.4773
85889,AZ,33.5452,-112.4585
85909,AZ,34.3885,-114.3683
85929,AZ,34.4912,-112.5707
85950,AZ,31.3591,-110.3433
85970,AZ,33.6686,-111.9853
85990,AZ,32.424,-110.9169
86010,AZ,33.3157,-111.8075
86030,AZ,33.0564,-111.9478
86051,AZ,33.4591,-111.8861
86071,AZ,33.6161,-112.2035
86091,AZ,33.3239,-111.9321
86111,AZ,33.4121,-111.7394
86131,AZ,33.7286,-112.4026
86152,AZ,33.4216,-112.3603
86172,AZ,32.7592,-114.7101
86192,AZ,35.3575,-111.5257
86212,AZ,33.5217,-112.4964
86232,AZ,34.3335,-114.5603
86253,AZ,34.4124,-112.4809
86273,AZ,31.7204,-110.5171
86293,AZ,33.4056,-112.0091
86313,AZ,32.0698,-110.8765
86333,AZ,33.4124,-111.9595
86354,AZ,33.3842,-112.0885
86374,AZ,33.6197,-111.7911
86394,AZ,33.342,-112.2234
86414,AZ,33.1907,-111.56
86434,AZ,33.4345,-112.1649
86455,AZ,33.4552,-112.0632
86475,AZ,33.6074,-112.2173
86495,AZ,32.7765,-114.3838
86515,AZ,35.246,-111.4263
86535,AZ,33.631,-112.3024
87001,NM,35.7096,-105.8566
87021,NM,35.0718,-106.8063
87041,NM,32.2622,-106.5515
87061,NM,35.4028,-106.8359
87082,NM,33.643,-104.438
87102,NM,36.5452,-108.4328
87122,NM,34.1627,-103.0945
87142,NM,32.706,-103.1677
87163,NM,32.6658,-104.4365
87183,NM,32.9706,-106.0024
87203,NM,35.5061,-108.5981
87223,NM,35.6464,-105.261
87244,NM,32.61,-108.2756
87264,NM,36.4332,-105.5981
87284,NM,35.6147,-106.0949
87304,NM,35.1367,-106.6114
87325,NM,32.4933,-106.8953
87345,NM,35.2337,-106.7076
87365,NM,33.4174,-104.5895
87385,NM,36.9672,-108.1846
87406,NM,34.5072,-103.3986
87426,NM,32.7034,-103.0409
87446,NM,32.2417,-104.1132
87466,NM,33.1413,-105.7185
87487,NM,35.6675,-108.7601
87507,NM,35.3833,-105.0289
87527,NM,32.5643,-108.2941
87547,NM,36.528,-105.3429
87568,NM,35.476,-105.871
87588,NM,35.2334,-106.7442
87608,NM,32.0963,-106.8419
87628,NM,35.3721,-106.6786
87649,NM,33.4006,-104.5384
87669,NM,36.845,-108.2582
87689,NM,34.6351,-103.0561
87709,NM,32.6072,-103.3684
87730,NM,32.6321,-104.1041
87750,NM,33.013,-105.9284
87770,NM,35.3088,-108.756
87790,NM,35.4287,-105.4481
87811,NM,33.0153,-108.1259
87831,NM,36.4694,-105.6797
87851,NM,35.4783,-105.935
87871,NM,35.2601,-106.7615
87892,NM,32.1362,-106.8732
87912,NM,35.4117,-106.9059
87932,NM,33.2001,-104.6857
87952,NM,36.774,-108.3931
87973,NM,34.3781,-103.0513
87993,NM,32.5932,-103.0357
88013,NM,32.4132,-104.0791
88033,NM,33.0805,-106.0389
88054,NM,35.3203,-108.9201
88074,NM,35.8112,-105.3968
88094,NM,32.7681,-108.0335
88114,NM,36.5424,-105.7041
88135,NM,35.6571,-105.869
88155,NM,34.9398,-106.5332
88175,NM,32.2424,-106.6926
88195,NM,35.3605,-106.855
88216,NM,33.2281,-104.5736
88236,NM,36.6288,-108.0956
88256,NM,34.531,-103.1889
88276,NM,32.6525,-103.0333
88297,NM,32.408,-104.4062
88317,NM,33.0846,-106.2044
88337,NM,35.7417,-108.7682
88357,NM,35.6834,-104.993
88378,NM,32.8615,-108.5098
88398,NM,36.6161,-105.5044
88418,NM,35.9151,-105.9719
88901,NV,38.935,-119.5195
88920,NV,36.1793,-115.192
88940,NV,36.1571,-114.9528
88959,NV,39.5377,-119.7485
88979,NV,35.9735,-115.2219
88999,NV,39.4839,-119.8504
89018,NV,36.1905,-115.2593
89038,NV,40.7936,-115.7065
89058,NV,36.5826,-114.0587
89077,NV,39.4291,-119.0869
89097,NV,39.4493,-118.6663
89117,NV,40.7796,-117.5963
89136,NV,39.4663,-114.7905
89156,NV,35.7905,-114.8757
89175,NV,39.1392,-119.928
89195,NV,36.2151,-115.0335
89215,NV,35.8905,-115.0044
89234,NV,39.4046,-119.7179
89254,NV,36.4025,-114.9693
89274,NV,39.6441,-119.9409
89293,NV,35.8338,-115.2653
89313,NV,40.7639,-115.7512
89333,NV,36.7473,-113.9217
89352,NV,39.6138,-119.0269
89372,NV,39.4128,-118.8373
89392,NV,41.1071,-117.5296
89411,NV,39.2801,-114.8088
89431,NV,35.7978,-114.6481
89450,NV,39.0032,-119.6614
89470,NV,36.1297,-115.235
89490,NV,36.1738,-115.0086
89509,NV,39.5928,-120.005
89529,NV,36.0147,-115.2661
89549,NV,39.5962,-119.8761
89568,NV,36.006,-115.0623
89588,NV,40.8542,-116.0102
89608,NV,36.9967,-114.1983
89627,NV,39.6524,-119.2639
89647,NV,39.4286,-118.9879
89666,NV,41.0231,-117.8633
89686,NV,39.2711,-114.8287
89706,NV,36.0016,-114.6699
89725,NV,38.9383,-119.9433
89745,NV,36.2465,-115.3714
89765,NV,36.2164,-114.8982
89784,NV,39.6986,-119.9146
89804,NV,36.4091,-115.343
89824,NV,39.4934,-119.9136
89843,NV,36.1127,-115.1845
89863,NV,40.9282,-115.7156
90001,CA,38.4658,-121.3185
90042,CA,34.2176,-118.4504
90083,CA,32.9065,-117.2892
90124,CA,37.3206,-121.8311
90165,CA,37.7144,-122.6551
90206,CA,36.9133,-119.9462
90247,CA,33.6262,-118.0448
90288,CA,37.7246,-122.081
90329,CA,35.4739,-119.1306
90370,CA,33.5917,-117.6903
90411,CA,33.5383,-117.7577
90452,CA,33.9749,-117.2464
90493,CA,38.053,-121.2178
90534,CA,33.68,-117.68
90576,CA,32.4366,-117.2234
90617,CA,37.6444,-122.0855
90658,CA,34.1491,-117.3032
90699,CA,37.6546,-121.0341
90740,CA,34.2152,-117.5196
90781,CA,34.4931,-118.6571
90822,CA,34.0732,-119.3668
90863,CA,33.7888,-117.4199
90904,CA,34.1604,-118.124
90945,CA,33.5021,-118.1406
90986,CA,38.4326,-122.6018
91027,CA,33.4342,-117.3672
91068,CA,38.3003,-121.5713
91109,CA,33.9104,-117.7872
91151,CA,33.9461,-117.836
91192,CA,34.4379,-119.811
91233,CA,40.8236,-122.365
91274,CA,40.9008,-124.3506
91315,CA,38.7658,-121.499
91356,CA,34.2386,-118.2067
91397,CA,32.7004,-117.1909
91438,CA,37.1804,-122.1106
91479,CA,37.9954,-122.4305
91520,CA,36.8989,-119.8367
91561,CA,33.5571,-118.129
91602,CA,37.5812,-122.4466
91643,CA,35.4047,-119.1168
91685,CA,34.0836,-118.1051
91726,CA,33.8777,-117.8145
91767,CA,34.126,-117.5127
91808,CA,37.969,-121.3155
91849,CA,33.656,-117.6464
91890,CA,32.8851,-117.1815
91931,CA,37.609,-121.9338
91972,CA,34.2283,-117.066
92013,CA,37.493,-121.1414
92054,CA,34.1724,-117.6065
92095,CA,34.2286,-118.7551
92136,CA,33.9488,-119.2018
92177,CA,33.9894,-117.3341
92218,CA,34.0082,-118.1516
92260,CA,33.761,-118.0218
92301,CA,38.5342,-122.5021
92342,CA,33.3398,-117.317
92383,CA,38.4894,-121.1548
92424,CA,34.0259,-117.6286
92465,CA,34.1802,-117.3889
92506,CA,34.5841,-119.9125
92547,CA,40.4195,-122.4879
92588,CA,40.9266,-124.1291
92629,CA,38.4759,-121.6822
92670,CA,34.1465,-118.1438
92711,CA,32.937,-117.1609
92752,CA,37.3351,-122.0961
92793,CA,37.5448,-122.4534
92835,CA,36.649,-119.9119
92876,CA,33.5658,-117.9627
92917,CA,37.9724,-122.2336
92958,CA,35.5987,-118.7689
92999,CA,33.9227,-118.0295
93040,CA,33.5156,-117.7396
93081,CA,33.9659,-117.2997
93122,CA,38.1657,-121.4501
93163,CA,33.7273,-117.7591
93204,CA,32.636,-117.2886
93245,CA,37.4725,-122.0719
93286,CA,34.1934,-117.1109
93327,CA,37.554,-120.9001
93369,CA,33.9863,-117.2124
93410,CA,34.5485,-118.5176
93451,CA,34.1749,-119.2698
93492,CA,33.8541,-116.9946
93533,CA,34.0946,-118.2478
93574,CA,33.9036,-117.92
93615,CA,38.4618,-122.7575
93656,CA,33.0397,-117.4486
93697,CA,38.537,-121.3089
93738,CA,34.1933,-117.7991
93779,CA,34.131,-117.3793
93820,CA,34.3899,-119.5991
93861,CA,40.3972,-122.1551
93902,CA,40.8565,-124.2941
93944,CA,38.4108,-121.469
93985,CA,34.0783,-118.4471
94026,CA,32.9618,-116.9546
94067,CA,37.3189,-122.0776
94108,CA,37.941,-122.4202
94149,CA,36.8461,-119.7827
94190,CA,33.6568,-118.0263
94231,CA,38.0445,-122.3993
94272,CA,35.3989,-119.0769
94313,CA,34.0475,-117.9102
94354,CA,33.9352,-117.6857
94395,CA,33.8687,-117.2305
94436,CA,37.9152,-121.0737
94477,CA,33.6885,-117.6662
94519,CA,32.5315,-117.1849
94560,CA,37.592,-121.7391
94601,CA,34.1031,-117.4655
94642,CA,37.6584,-121.0743
94683,CA,34.1182,-117.4133
94724,CA,34.3694,-118.6317
94765,CA,34.0418,-119.0784
94806,CA,33.9784,-117.3629
94847,CA,34.2803,-118.4833
94888,CA,33.7819,-117.8962
94929,CA,38.5962,-122.7711
94970,CA,33.2777,-117.2191
95011,CA,38.6492,-121.3739
95053,CA,33.8318,-117.6498
95094,CA,34.1515,-117.4082
95135,CA,34.6079,-119.728
95176,CA,40.5995,-122.4132
95217,CA,40.9133,-124.2087
95258,CA,38.659,-121.6672
95299,CA,34.0369,-118.0091
95340,CA,32.635,-117.0647
95381,CA,37.4131,-121.7104
95422,CA,37.9511,-122.2397
95463,CA,36.6778,-119.8788
95504,CA,33.8795,-118.064
95545,CA,37.9906,-122.5033
95586,CA,35.1575,-118.9531
95628,CA,34.0471,-117.6656
95669,CA,33.8689,-117.9007
95710,CA,33.7798,-117.3086
95751,CA,38.144,-121.319
95792,CA,33.7816,-117.6248
95833,CA,32.4131,-116.9361
95874,CA,37.4452,-122.0512
95915,CA,33.9311,-117.2742
95956,CA,37.6721,-120.8506
95997,CA,33.9272,-117.6455
96038,CA,34.5771,-118.4827
96079,CA,34.0679,-118.9707
96120,CA,33.7641,-117.2491
96701,HI,21.1992,-157.6138
96704,HI,21.4189,-157.978
96708,HI,19.949,-154.9145
96712,HI,21.3862,-157.893
96716,HI,21.193,-158.178
96720,HI,21.3976,-157.925
96724,HI,20.7324,-156.3546
96728,HI,21.5965,-157.9808
96732,HI,21.4442,-158.1695
96736,HI,21.5131,-157.8596
96740,HI,20.9279,-156.4374
96744,HI,20.6717,-156.5979
96748,HI,21.8235,-159.5508
96752,HI,21.9999,-159.4449
96756,HI,21.1873,-157.9905
96760,HI,21.5241,-157.748
96764,HI,19.6307,-154.9786
96767,HI,21.1579,-157.6626
96771,HI,21.4831,-158.2281
96775,HI,21.2272,-157.9002
96779,HI,20.842,-156.4716
96783,HI,21.6487,-157.9129
96787,HI,21.2211,-158.1985
96791,HI,21.5431,-158.1606
96795,HI,20.8217,-156.5854
96799,HI,20.6951,-156.8559
96803,HI,22.105,-159.3182
96807,HI,22.046,-159.2943
96811,HI,21.2923,-157.8395
96815,HI,21.4792,-158.1158
96819,HI,19.6034,-154.9626
96823,HI,21.5888,-157.9485
96827,HI,21.3601,-157.9073
96831,HI,21.2072,-157.7715
96834,HI,20.6702,-156.4491
96838,HI,21.4538,-157.9783
96842,HI,21.1405,-158.0931
96846,HI,21.3452,-158.25
96850,HI,20.6171,-156.4034
96854,HI,20.6738,-156.6773
96858,HI,22.1354,-159.3944
96862,HI,22.0947,-159.3405
96866,HI,21.0858,-157.8771
96870,HI,21.5507,-157.8634
96874,HI,19.6777,-154.9318
96878,HI,21.5251,-157.7002
96882,HI,21.1593,-158.0869
96886,HI,21.2,-157.5565
96890,HI,21.1066,-156.6884
96894,HI,21.668,-158.2488
97001,OR,45.18,-123.186
97019,OR,45.6158,-122.844
97037,OR,44.0026,-123.1223
97056,OR,45.3802,-122.6357
97074,OR,45.4569,-122.7662
97092,OR,45.2958,-122.6945
97111,OR,44.0258,-121.1053
97129,OR,42.3034,-122.7888
97148,OR,43.8555,-122.9152
97166,OR,44.4099,-123.081
97184,OR,44.7776,-123.2119
97203,OR,42.4361,-123.5133
97221,OR,42.4031,-121.7317
97239,OR,45.9198,-118.8971
97258,OR,46.2765,-123.8721
97276,OR,45.5489,-121.3557
97295,OR,44.838,-123.1542
97313,OR,45.574,-122.4747
97331,OR,43.9869,-122.9947
97350,OR,45.4792,-122.675
97368,OR,45.3395,-123.0782
97386,OR,45.5836,-122.7104
97405,OR,44.1649,-121.2111
97423,OR,42.4446,-122.9975
97442,OR,43.8438,-123.2426
97460,OR,44.481,-123.3946
97478,OR,44.8406,-122.8575
97497,OR,42.6587,-123.0948
97515,OR,42.274,-121.6576
97534,OR,45.445,-118.9118
97552,OR,46.2477,-123.93
97570,OR,45.5419,-121.2432
97589,OR,45.1769,-123.0053
97607,OR,45.5554,-122.7983
97625,OR,44.054,-122.8716
97644,OR,45.689,-122.6142
97662,OR,45.4316,-122.9746
97681,OR,45.308,-122.9954
97699,OR,43.8303,-121.5014
97717,OR,42.5123,-122.7082
97736,OR,44.1701,-122.8089
97754,OR,44.4561,-123.0735
97772,OR,44.693,-122.9751
97791,OR,42.3209,-123.4219
97809,OR,42.4212,-121.8739
97828,OR,45.9195,-118.6568
97846,OR,46.0135,-123.6548
97864,OR,45.6733,-121.0296
97883,OR,44.7195,-123.2108
97901,OR,45.3801,-122.9105
98001,WA,46.9704,-122.811
98021,WA,47.7545,-122.3222
98041,WA,47.7096,-117.5649
98061,WA,47.2006,-122.4252
98081,WA,45.619,-122.8391
98101,WA,47.8315,-122.0329
98121,WA,47.3808,-122.2569
98141,WA,48.0297,-122.3792
98161,WA,47.5656,-122.0665
98181,WA,47.7747,-117.19
98201,WA,46.5065,-120.2607
98221,WA,48.5636,-122.2303
98241,WA,46.3145,-119.1481
98261,WA,46.2289,-118.3455
98281,WA,46.8319,-117.2433
98301,WA,48.3587,-123.5141
98321,WA,47.2018,-123.0454
98341,WA,47.7225,-122.1769
98361,WA,47.759,-117.6497
98381,WA,47.4356,-122.6048
98401,WA,45.6325,-122.7156
98421,WA,47.8523,-122.1219
98441,WA,47.5552,-121.9893
98461,WA,48.003,-122.2834
98481,WA,47.5718,-121.9719
98501,WA,47.8021,-117.2939
98521,WA,46.616,-120.6144
98541,WA,48.8501,-122.6312
98561,WA,46.3893,-119.1903
98581,WA,45.8801,-118.2169
98601,WA,46.77,-117.0292
98621,WA,48.293,-123.3259
98641,WA,47.0167,-123.0689
98661,WA,47.425,-122.2341
98681,WA,47.5543,-117.6036
98702,WA,47.112,-122.3201
98722,WA,45.7564,-122.9069
98742,WA,47.7231,-122.1637
98762,WA,47.4701,-121.9906
98782,WA,47.8028,-121.9769
98802,WA,47.4465,-122.0463
98822,WA,47.8862,-117.4414
98842,WA,46.8392,-120.6661
98862,WA,48.5281,-122.2386
98882,WA,46.2862,-119.0905
98902,WA,46.2995,-118.2795
98922,WA,46.6818,-117.4147
98942,WA,47.9885,-123.4364
98962,WA,47.1319,-122.6734
98982,WA,47.6826,-122.3944
99002,WA,47.7547,-117.2783
99022,WA,47.3322,-122.3054
99042,WA,45.8211,-122.5863
99062,WA,47.4977,-122.1249
99082,WA,47.3146,-122.4248
99102,WA,47.7703,-122.2075
99122,WA,47.5673,-122.2122
99142,WA,47.4347,-117.2029
99162,WA,46.6384,-120.619
99182,WA,48.8746,-122.3315
99202,WA,46.0517,-119.1451
99222,WA,46.1369,-118.3762
99242,WA,46.7655,-117.382
99262,WA,47.8998,-123.2263
99282,WA,47.1855,-123.0583
99302,WA,47.7626,-122.5722
99322,WA,47.6868,-117.4078
99342,WA,47.409,-122.45
99362,WA,45.6482,-122.6191
99382,WA,47.717,-122.0565
99501,AK,58.1754,-134.2081
99509,AK,61.1897,-149.7196
99518,AK,64.863,-147.9411
99527,AK,61.831,-149.2714
99536,AK,57.2876,-135.1168
99545,AK,55.5165,-131.8129
99554,AK,60.5472,-151.4014
99563,AK,57.7405,-152.6279
99572,AK,60.7317,-161.5131
99581,AK,61.482,-148.9706
99590,AK,59.62,-151.5868
99599,AK,60.7165,-150.8106
99608,AK,64.529,-165.2972
99617,AK,71.118,-156.8902
99626,AK,61.3653,-146.3087
99635,AK,60.5644,-145.6335
99644,AK,58.0791,-134.3776
99653,AK,61.2195,-149.7239
99662,AK,64.6665,-147.486
99671,AK,61.3715,-149.5965
99680,AK,57.1006,-135.2424
99689,AK,55.2098,-131.8362
99698,AK,60.7495,-151.3852
99707,AK,57.8373,-152.3475
99716,AK,60.7518,-161.714
99725,AK,61.6108,-148.8952
99734,AK,59.4946,-151.4402
99743,AK,60.3571,-151.1104
99752,AK,64.5869,-165.5064
99761,AK,71.1987,-156.6627
99770,AK,60.9172,-146.3692
99779,AK,60.7925,-145.5095
99788,AK,58.0871,-134.5631
99797,AK,61.1007,-149.6837
99806,AK,65.0282,-147.5268
99815,AK,61.5162,-149.6105
99824,AK,57.22,-135.2282
99833,AK,55.398,-131.4025
99842,AK,60.6314,-151.5044
99851,AK,57.9486,-152.5075
99860,AK,60.8739,-161.5363
99869,AK,61.4165,-149.3049
99878,AK,59.446,-151.5217
99887,AK,60.374,-151.0059
99896,AK,64.6099,-165.5546
99905,AK,71.3577,-156.9066
99914,AK,61.1252,-146.1456
99923,AK,60.7164,-145.9614
99932,AK,58.2623,-134.5314
99941,AK,60.9699,-149.7647
